image,city,predicted_lat,predicted_lon,true_lat,true_lon
"San Antonio_ (29.450833, -98.537109).jpg",San Antonio,32.60714980363846,-107.38799630999566,29.450833,-98.537109
"Detroit_ (42.373438, -83.095486).jpg",Detroit,37.14952543377876,-99.60138751864433,42.373438,-83.095486
"Los Angeles_ (34.022308, -118.407969).jpg",Los Angeles,34.93225402534008,-112.24715531766415,34.022308,-118.407969
"Los Angeles_ (34.032966, -118.406359).jpg",Los Angeles,38.93783059120178,-107.27218566536904,34.032966,-118.406359
"Albuquerque_ (35.099616, -106.643835).jpg",Albuquerque,35.42212260365486,-108.48369549512863,35.099616,-106.643835
"Minneapolis_ (44.984557, -93.265232).jpg",Minneapolis,36.856608763337135,-120.38644859343768,44.984557,-93.265232
"San Jose_ (37.364707, -121.877812).jpg",San Jose,34.53127672374249,-101.09543556571006,37.364707,-121.877812
"Nashvillej_ (36.162399, -86.766351).jpg",Nashvillej,38.344650679826735,-90.08801853656769,36.162399,-86.766351
"Colorado Springs_ (38.852548, -104.772224).jpg",Colorado Springs,40.673460096120834,-116.29945174306631,38.852548,-104.772224
"Oakland_ (37.761124, -122.205763).jpg",Oakland,36.53490095734596,-90.1050947368145,37.761124,-122.205763
"Detroit_ (42.360127, -83.077941).jpg",Detroit,40.66383979916573,-97.90393494963647,42.360127,-83.077941
"Baltimorem_ (39.324475, -76.631994).jpg",Baltimorem,41.338689827919005,-68.9073729634285,39.324475,-76.631994
"Mesa_ (33.388288, -111.734776).jpg",Mesa,37.31736414432525,-99.58574501276016,33.388288,-111.734776
"Austin_ (30.296641, -97.739586).jpg",Austin,35.27968373298645,-95.69554349184037,30.296641,-97.739586
"Detroit_ (42.372531, -83.078536).jpg",Detroit,41.65231269598007,-92.47023331522942,42.372531,-83.078536
"Phoenix_ (33.557046, -112.086426).jpg",Phoenix,35.25833044350147,-104.54555178880692,33.557046,-112.086426
"Houston_ (29.77835, -95.408261).jpg",Houston,40.40603602528572,-89.15951443314552,29.77835,-95.408261
"Las Vegas_ (36.248936, -115.283419).jpg",Las Vegas,34.20824356675148,-110.26096570789814,36.248936,-115.283419
"Memphis_ (35.134987, -89.983692).jpg",Memphis,36.18020408153534,-94.54877154231072,35.134987,-89.983692
"Detroit_ (42.357076, -83.0874).jpg",Detroit,39.14522353410721,-93.71762013435364,42.357076,-83.0874
"Philadelphiae_ (40.020006, -75.136165).jpg",Philadelphiae,40.71079848408699,-92.18700249195099,40.020006,-75.136165
"Portland_ (45.548016, -122.65656).jpg",Portland,35.87673654854298,-95.04100660681725,45.548016,-122.65656
"Denveri_ (39.760872, -104.904128).jpg",Denveri,34.265066692233084,-95.79572894573212,39.760872,-104.904128
"Columbus_ (39.985328, -82.990208).jpg",Columbus,40.20704488754272,-97.5643294632435,39.985328,-82.990208
"Nashvillej_ (36.155368, -86.773453).jpg",Nashvillej,36.307906770706175,-120.85207633376122,36.155368,-86.773453
"Kansas City_ (39.135503, -94.573492).jpg",Kansas City,40.57467469573021,-83.21511632204056,39.135503,-94.573492
"Fort Worth_ (32.767702, -97.372767).jpg",Fort Worth,32.60466013252735,-91.27240591645241,32.767702,-97.372767
"Portland_ (45.533386, -122.670688).jpg",Portland,39.29621114134788,-77.24749513268472,45.533386,-122.670688
"Austin_ (30.323422, -97.72917).jpg",Austin,35.46471564471722,-96.08547892272472,30.323422,-97.72917
"Oakland_ (37.774922, -122.246865).jpg",Oakland,37.31736414432525,-99.58574501276016,37.774922,-122.246865
"Fort Worth_ (32.801145, -97.326287).jpg",Fort Worth,35.263876733183864,-95.32231891155243,32.801145,-97.326287
"Los Angeles_ (34.039733, -118.410918).jpg",Los Angeles,32.78946867883205,-96.66149853169918,34.039733,-118.410918
"Austin_ (30.296358, -97.764707).jpg",Austin,36.79438182711601,-93.04738533496857,30.296358,-97.764707
"Omaha_ (41.248212, -96.042013).jpg",Omaha,40.95001469254494,-89.93287479877472,41.248212,-96.042013
"Portland_ (45.555455, -122.633672).jpg",Portland,40.6364927470684,-96.43413330614567,45.555455,-122.633672
"Atlanta_ (33.776619, -84.396129).jpg",Atlanta,39.89357488751411,-92.55266727805139,33.776619,-84.396129
"Albuquerque_ (35.100516, -106.662442).jpg",Albuquerque,33.95905754268169,-118.88115565553308,35.100516,-106.662442
"Las Vegas_ (36.210524, -115.278888).jpg",Las Vegas,35.430531829595566,-121.94960096850991,36.210524,-115.278888
"Phoenix_ (33.585598, -112.092997).jpg",Phoenix,36.0259468793869,-102.01635909676551,33.585598,-112.092997
"Oakland_ (37.764899, -122.208213).jpg",Oakland,36.25360819399357,-115.47908507585525,37.764899,-122.208213
"Atlanta_ (33.771548, -84.432559).jpg",Atlanta,31.97486461699009,-86.25271642804145,33.771548,-84.432559
"San Diego_ (32.732509, -117.158797).jpg",San Diego,28.726497958600522,-110.07506160736084,32.732509,-117.158797
"Oakland_ (37.794375, -122.24303).jpg",Oakland,37.792540323734286,-108.84212774336338,37.794375,-122.24303
"Portland_ (45.542617, -122.663468).jpg",Portland,42.25173645019531,-103.0045779556036,45.542617,-122.663468
"Seattle_ (47.612842, -122.322774).jpg",Seattle,35.74421406388283,-92.08594435453415,47.612842,-122.322774
"Austin_ (30.309329, -97.744527).jpg",Austin,34.68443342447281,-96.48582595288754,30.309329,-97.744527
"Indianapolisg_ (39.79803, -86.169755).jpg",Indianapolisg,36.25222273468971,-90.26539146304131,39.79803,-86.169755
"Wichita_ (37.67939, -97.351223).jpg",Wichita,38.67735385298729,-95.8474908530712,37.67939,-97.351223
"Omaha_ (41.253278, -96.041772).jpg",Omaha,40.82030839323997,-89.41494751572608,41.253278,-96.041772
"Bakersfield_ (35.348049, -119.064805).jpg",Bakersfield,38.13477029204368,-117.88496273756027,35.348049,-119.064805
"Albuquerque_ (35.120385, -106.667464).jpg",Albuquerque,36.22101094126701,-115.1510816052556,35.120385,-106.667464
"Wichita_ (37.687489, -97.330531).jpg",Wichita,39.406262767314914,-98.42463092505932,37.687489,-97.330531
"Atlanta_ (33.746592, -84.395675).jpg",Atlanta,34.53553550839424,-85.24825769066811,33.746592,-84.395675
"Wichita_ (37.671157, -97.37043).jpg",Wichita,38.683625894784925,-93.86705679893494,37.671157,-97.37043
"Phoenix_ (33.587632, -112.108073).jpg",Phoenix,33.17790041267872,-106.78810257315635,33.587632,-112.108073
"Austin_ (30.27624, -97.74066).jpg",Austin,38.10133671760559,-93.0125992000103,30.27624,-97.74066
"Tucson_ (32.14483, -110.846407).jpg",Tucson,37.31736414432525,-99.58574501276016,32.14483,-110.846407
"Atlanta_ (33.750158, -84.422183).jpg",Atlanta,35.08360525071621,-83.60773386955262,33.750158,-84.422183
"Columbus_ (39.993851, -82.988771).jpg",Columbus,38.77459573149681,-90.53081538677216,39.993851,-82.988771
"Columbus_ (39.999962, -83.000149).jpg",Columbus,42.00497479438782,-74.40766519904136,39.999962,-83.000149
"Albuquerque_ (35.112911, -106.649113).jpg",Albuquerque,33.7137473911047,-106.68785132169724,35.112911,-106.649113
"Dallas_ (32.811965, -96.75596).jpg",Dallas,37.57712848782539,-100.69093809425831,32.811965,-96.75596
"Fresno_ (36.760289, -119.800037).jpg",Fresno,38.45602468848229,-123.50029942244291,36.760289,-119.800037
"Fresno_ (36.769578, -119.814915).jpg",Fresno,33.40532129406929,-118.41524264812469,36.769578,-119.814915
"Baltimorem_ (39.303487, -76.60475).jpg",Baltimorem,37.31736414432525,-99.58574501276016,39.303487,-76.60475
"Houston_ (29.798847, -95.367921).jpg",Houston,37.77643129825592,-90.02385898232461,29.798847,-95.367921
"Denveri_ (39.760461, -104.855958).jpg",Denveri,37.31736414432525,-99.58574501276016,39.760461,-104.855958
"Houston_ (29.790313, -95.367692).jpg",Houston,35.24651211202145,-89.83305296301842,29.790313,-95.367692
"Houston_ (29.79707, -95.389455).jpg",Houston,37.93719949126243,-83.43113666176797,29.79707,-95.389455
"Long Beach_ (33.768317, -118.18538).jpg",Long Beach,35.82744625508785,-121.36216851174831,33.768317,-118.18538
"Portland_ (45.512247, -122.652456).jpg",Portland,35.84866300225258,-101.85288677215576,45.512247,-122.652456
"Albuquerque_ (35.098713, -106.648669).jpg",Albuquerque,37.060136222839354,-97.52703955769539,35.098713,-106.648669
"Chicago_ (41.827793, -87.685647).jpg",Chicago,37.31736414432525,-99.58574501276016,41.827793,-87.685647
"Detroit_ (42.370762, -83.083562).jpg",Detroit,35.889679870009424,-105.77533083260059,42.370762,-83.083562
"Omaha_ (41.256739, -96.039157).jpg",Omaha,38.89577555656433,-95.10060188770294,41.256739,-96.039157
"Tampa_ (27.994197, -82.462736).jpg",Tampa,27.880050966143607,-85.92529734373093,27.994197,-82.462736
"Wichita_ (37.674546, -97.373431).jpg",Wichita,35.62641366124153,-93.98781611323358,37.674546,-97.373431
"Chicago_ (41.851515, -87.68405).jpg",Chicago,41.07572416067123,-75.60776434540749,41.851515,-87.68405
"Chicago_ (41.834368, -87.701495).jpg",Chicago,37.31736414432525,-99.58574501276016,41.834368,-87.701495
"Raleigh_ (35.823537, -78.627444).jpg",Raleigh,38.02219411730766,-94.72522676587104,35.823537,-78.627444
"Fresno_ (36.798443, -119.795476).jpg",Fresno,33.98309270143509,-96.25455962419511,36.798443,-119.795476
"Kansas City_ (39.101476, -94.569166).jpg",Kansas City,39.66639666557312,-92.50186809301377,39.101476,-94.569166
"Detroit_ (42.38793, -83.114569).jpg",Detroit,43.80428496599197,-83.50480915904046,42.38793,-83.114569
"Phoenix_ (33.5528, -112.078459).jpg",Phoenix,35.7981223076582,-114.01536191552877,33.5528,-112.078459
"Raleigh_ (35.817312, -78.658851).jpg",Raleigh,35.560302689671516,-82.98772685527803,35.817312,-78.658851
"Sacramento_ (38.548841, -121.489034).jpg",Sacramento,35.83435351550579,-111.15372528284789,38.548841,-121.489034
"Denveri_ (39.762524, -104.876361).jpg",Denveri,36.303147825598714,-103.88030721545219,39.762524,-104.876361
"Austin_ (30.300152, -97.736841).jpg",Austin,40.34539194107056,-100.03994908332825,30.300152,-97.736841
"Phoenix_ (33.572874, -112.09896).jpg",Phoenix,35.26265527307987,-109.73086068034172,33.572874,-112.09896
"Seattle_ (47.614891, -122.340263).jpg",Seattle,41.427681285142896,-98.41407734155655,47.614891,-122.340263
"Atlanta_ (33.759708, -84.425464).jpg",Atlanta,35.09823012053967,-84.30140991806985,33.759708,-84.425464
"Tulsa_ (36.149343, -95.880121).jpg",Tulsa,35.45849332213402,-98.01079019904137,36.149343,-95.880121
"Colorado Springs_ (38.893412, -104.771188).jpg",Colorado Springs,36.35471258759499,-116.9770446151495,38.893412,-104.771188
"San Franciscoh_ (37.784471, -122.433868).jpg",San Franciscoh,30.15971813350916,-104.67603182792664,37.784471,-122.433868
"Wichita_ (37.697009, -97.337508).jpg",Wichita,36.99429017305374,-95.34841976761818,37.697009,-97.337508
"New Yorkd_ (40.644195, -73.93799).jpg",New Yorkd,39.94128603935242,-92.02551102042199,40.644195,-73.93799
"Charlotte_ (35.229649, -80.820858).jpg",Charlotte,39.863660246133804,-95.30488601922988,35.229649,-80.820858
"Chicago_ (41.815703, -87.680871).jpg",Chicago,37.76069776415825,-100.72221617996692,41.815703,-87.680871
"Portland_ (45.538794, -122.651169).jpg",Portland,38.40513892769813,-106.92990671992303,45.538794,-122.651169
"Minneapolis_ (44.970033, -93.252057).jpg",Minneapolis,37.74417465925217,-100.08656665980816,44.970033,-93.252057
"Oakland_ (37.748586, -122.211887).jpg",Oakland,37.31736414432525,-99.58574501276016,37.748586,-122.211887
"Austin_ (30.295364, -97.726881).jpg",Austin,34.553070065379146,-91.79161105751992,30.295364,-97.726881
"San Franciscoh_ (37.758757, -122.423598).jpg",San Franciscoh,40.0035983145237,-115.36696082651615,37.758757,-122.423598
"Dallas_ (32.772845, -96.751122).jpg",Dallas,40.61806398630142,-85.65793066024781,32.772845,-96.751122
"Atlanta_ (33.745332, -84.437194).jpg",Atlanta,33.189739522337916,-82.28528934121132,33.745332,-84.437194
"San Antonio_ (29.442624, -98.498693).jpg",San Antonio,34.20973588526249,-99.7303265094757,29.442624,-98.498693
"Long Beach_ (33.797212, -118.158926).jpg",Long Beach,34.4947160333395,-116.61566273123026,33.797212,-118.158926
"Fresno_ (36.797846, -119.778926).jpg",Fresno,36.38846822381019,-117.86642297431827,36.797846,-119.778926
"Fresno_ (36.79068, -119.799016).jpg",Fresno,37.61165885329247,-114.90126295983791,36.79068,-119.799016
"Louisvillel_ (38.16424, -85.659419).jpg",Louisvillel,37.36937934756279,-87.61336163878441,38.16424,-85.659419
"Detroit_ (42.40191, -83.116388).jpg",Detroit,40.44353321790695,-96.39286091625691,42.40191,-83.116388
"Oklahoma City_ (35.448609, -97.532129).jpg",Oklahoma City,34.75090281963348,-100.55148880779743,35.448609,-97.532129
"Las Vegas_ (36.231951, -115.2627).jpg",Las Vegas,36.942838948965075,-110.06432794630527,36.231951,-115.2627
"Kansas City_ (39.128054, -94.579875).jpg",Kansas City,33.334834289550784,-96.0274541258812,39.128054,-94.579875
"Raleigh_ (35.825018, -78.642978).jpg",Raleigh,39.15527126789093,-83.19721938371659,35.825018,-78.642978
"Fort Worth_ (32.76075, -97.35535).jpg",Fort Worth,38.598427939414975,-92.07546176314355,32.76075,-97.35535
"Seattle_ (47.612661, -122.330111).jpg",Seattle,41.97088522315025,-84.83949896097184,47.612661,-122.330111
"Sacramento_ (38.55944, -121.492728).jpg",Sacramento,39.50712450146675,-100.92843960821628,38.55944,-121.492728
"Dallas_ (32.780778, -96.770014).jpg",Dallas,39.05547812581062,-93.44329622387886,32.780778,-96.770014
"Los Angeles_ (34.009233, -118.418239).jpg",Los Angeles,36.20635045170784,-108.8731686115265,34.009233,-118.418239
"Charlotte_ (35.22952, -80.806989).jpg",Charlotte,35.69957882463932,-78.69701900482178,35.22952,-80.806989
"Wichita_ (37.712308, -97.352476).jpg",Wichita,36.15138252079487,-100.1857824653387,37.712308,-97.352476
"Tulsa_ (36.145505, -95.885189).jpg",Tulsa,36.85163313150406,-91.63692790269852,36.145505,-95.885189
"Detroit_ (42.370452, -83.079852).jpg",Detroit,40.56092993021011,-85.11675605773925,42.370452,-83.079852
"Louisvillel_ (38.153641, -85.662942).jpg",Louisvillel,37.839684528112414,-84.91564059853553,38.153641,-85.662942
"Albuquerque_ (35.099885, -106.65082).jpg",Albuquerque,36.262038198113444,-99.36553094387054,35.099885,-106.65082
"Charlotte_ (35.185978, -80.850086).jpg",Charlotte,40.80163474678993,-87.09324572086334,35.185978,-80.850086
"Wichita_ (37.675239, -97.325775).jpg",Wichita,38.0231573343277,-87.54107089042664,37.675239,-97.325775
"Baltimorem_ (39.296097, -76.586497).jpg",Baltimorem,42.34556773900985,-70.49148056507111,39.296097,-76.586497
"Tampa_ (27.992982, -82.468418).jpg",Tampa,35.23274137377739,-91.81547133326531,27.992982,-82.468418
"Houston_ (29.78631, -95.4068).jpg",Houston,39.074490159749985,-83.58656783103943,29.78631,-95.4068
"Baltimorem_ (39.294831, -76.631685).jpg",Baltimorem,39.16956962347031,-83.79215406179429,39.294831,-76.631685
"Miami_ (25.761909, -80.234581).jpg",Miami,26.90816350877285,-75.11771445274354,25.761909,-80.234581
"Louisvillel_ (38.166694, -85.669261).jpg",Louisvillel,39.470255106687546,-84.4176846086979,38.166694,-85.669261
"Portland_ (45.513448, -122.663267).jpg",Portland,40.58805287480354,-91.88174333572388,45.513448,-122.663267
"Colorado Springs_ (38.875846, -104.784473).jpg",Colorado Springs,38.22583363056183,-111.18514188975095,38.875846,-104.784473
"Denveri_ (39.783402, -104.895123).jpg",Denveri,38.097040086984634,-94.93305011391641,39.783402,-104.895123
"Tulsa_ (36.142906, -95.917044).jpg",Tulsa,33.98982037901878,-97.71805335879327,36.142906,-95.917044
"Tampa_ (27.958773, -82.473453).jpg",Tampa,34.11215487718582,-91.5146136879921,27.958773,-82.473453
"Chicago_ (41.829787, -87.671716).jpg",Chicago,36.028174597024915,-86.05501551628113,41.829787,-87.671716
"Denveri_ (39.783928, -104.892228).jpg",Denveri,37.035383474826816,-97.00757468938828,39.783928,-104.892228
"Phoenix_ (33.562549, -112.097111).jpg",Phoenix,36.634502643346785,-102.7764802992344,33.562549,-112.097111
"Portland_ (45.523434, -122.646393).jpg",Portland,38.488689470291135,-101.583686414361,45.523434,-122.646393
"Charlotte_ (35.204168, -80.823171).jpg",Charlotte,39.069018077850345,-88.71112825274469,35.204168,-80.823171
"Denveri_ (39.769539, -104.89703).jpg",Denveri,40.12531243562698,-96.41774278581143,39.769539,-104.89703
"Omaha_ (41.257702, -96.041009).jpg",Omaha,38.7148154258728,-96.21639010906219,41.257702,-96.041009
"Las Vegas_ (36.217359, -115.259061).jpg",Las Vegas,36.034843650460246,-112.13560419976712,36.217359,-115.259061
"Milwaukee_ (43.077649, -87.952356).jpg",Milwaukee,41.738876074552536,-99.58205688595771,43.077649,-87.952356
"Fresno_ (36.779572, -119.765355).jpg",Fresno,35.78681081533432,-106.09441094100475,36.779572,-119.765355
"Baltimorem_ (39.304825, -76.593055).jpg",Baltimorem,39.47182385921478,-74.59913612008094,39.304825,-76.593055
"Indianapolisg_ (39.772898, -86.166654).jpg",Indianapolisg,38.60337314605713,-82.77370122075081,39.772898,-86.166654
"Bakersfield_ (35.372928, -119.037098).jpg",Bakersfield,37.22320485711098,-97.54311667382717,35.372928,-119.037098
"Albuquerque_ (35.109623, -106.642228).jpg",Albuquerque,37.03954949975014,-97.01721749603749,35.109623,-106.642228
"New Yorkd_ (40.68429, -73.933665).jpg",New Yorkd,42.62481310963631,-68.01170184612275,40.68429,-73.933665
"Tampa_ (27.986207, -82.44723).jpg",Tampa,31.88081367313862,-84.3652577996254,27.986207,-82.44723
"Columbus_ (40.003113, -83.008054).jpg",Columbus,43.26061055064201,-73.89582938551904,40.003113,-83.008054
"Tampa_ (27.952239, -82.449558).jpg",Tampa,34.87491441369057,-97.65288952589034,27.952239,-82.449558
"Denveri_ (39.748632, -104.883509).jpg",Denveri,35.034848511219025,-96.86643717586995,39.748632,-104.883509
"Omaha_ (41.236063, -96.025663).jpg",Omaha,38.227311849594116,-91.86605234742166,41.236063,-96.025663
"Charlotte_ (35.203183, -80.834168).jpg",Charlotte,38.39116114974022,-85.97480828166007,35.203183,-80.834168
"Philadelphiae_ (40.020842, -75.125796).jpg",Philadelphiae,43.210572242736816,-67.45646734237671,40.020842,-75.125796
"Houston_ (29.786814, -95.378233).jpg",Houston,37.23234725594521,-91.96765418052674,29.786814,-95.378233
"Phoenix_ (33.568377, -112.10765).jpg",Phoenix,37.31736414432525,-99.58574501276016,33.568377,-112.10765
"Sacramento_ (38.562779, -121.464319).jpg",Sacramento,35.748020923137666,-98.36879649460316,38.562779,-121.464319
"El Paso_ (31.857448, -106.440715).jpg",El Paso,33.697410547733305,-106.83296785652638,31.857448,-106.440715
"Minneapolis_ (44.936856, -93.246012).jpg",Minneapolis,35.79776759445667,-91.66976781487466,44.936856,-93.246012
"Wichita_ (37.709516, -97.356174).jpg",Wichita,35.3370864212513,-85.00478245019913,37.709516,-97.356174
"Dallas_ (32.776547, -96.766884).jpg",Dallas,36.29235504567623,-90.17895077466966,32.776547,-96.766884
"Fort Worth_ (32.797821, -97.337124).jpg",Fort Worth,40.16907721757889,-91.67474765181541,32.797821,-97.337124
"Fort Worth_ (32.784044, -97.365358).jpg",Fort Worth,35.60133810937405,-90.44147960543633,32.784044,-97.365358
"Philadelphiae_ (40.013757, -75.142648).jpg",Philadelphiae,41.295644861459735,-87.61513817310333,40.013757,-75.142648
"Milwaukee_ (43.046136, -87.971989).jpg",Milwaukee,42.240645354986185,-82.418719881773,43.046136,-87.971989
"Los Angeles_ (34.02524, -118.433298).jpg",Los Angeles,39.18003440499306,-109.07664585709571,34.02524,-118.433298
"Fresno_ (36.765911, -119.772199).jpg",Fresno,35.5350802063942,-118.82555065080524,36.765911,-119.772199
"Sacramento_ (38.594697, -121.457947).jpg",Sacramento,35.932905161380766,-105.00633734762668,38.594697,-121.457947
"Denveri_ (39.755118, -104.89176).jpg",Denveri,43.48177497386932,-91.02672472596169,39.755118,-104.89176
"Wichita_ (37.690527, -97.348863).jpg",Wichita,38.40386106967926,-90.99353504776954,37.690527,-97.348863
"Kansas City_ (39.109269, -94.542251).jpg",Kansas City,34.267415368556975,-91.80266504883767,39.109269,-94.542251
"Philadelphiae_ (40.004895, -75.13801).jpg",Philadelphiae,35.271152064204216,-80.41100754141809,40.004895,-75.13801
"Columbus_ (39.996144, -83.011108).jpg",Columbus,39.36766581535339,-86.63787460923194,39.996144,-83.011108
"New Yorkd_ (40.648415, -73.91886).jpg",New Yorkd,42.69537135362625,-75.67470817565919,40.648415,-73.91886
"Albuquerque_ (35.107698, -106.657373).jpg",Albuquerque,37.265421664714815,-100.34948161840438,35.107698,-106.657373
"Chicago_ (41.856217, -87.703303).jpg",Chicago,38.87258414030075,-79.79253811240196,41.856217,-87.703303
"Phoenix_ (33.574464, -112.085244).jpg",Phoenix,36.85636165142059,-108.91547471582889,33.574464,-112.085244
"Minneapolis_ (44.97334, -93.251597).jpg",Minneapolis,35.47643750607968,-93.98020091056824,44.97334,-93.251597
"Long Beach_ (33.762239, -118.165661).jpg",Long Beach,34.91626002192497,-114.46289705634118,33.762239,-118.165661
"Austin_ (30.281687, -97.741022).jpg",Austin,38.73868955373764,-103.52940878868102,30.281687,-97.741022
"Tampa_ (27.985781, -82.469747).jpg",Tampa,30.051277929544447,-102.95632929205894,27.985781,-82.469747
"San Jose_ (37.358338, -121.884388).jpg",San Jose,36.20640388131142,-109.59294032156467,37.358338,-121.884388
"Fresno_ (36.76271, -119.812917).jpg",Fresno,36.9777032494545,-116.29320183992385,36.76271,-119.812917
"Oakland_ (37.789687, -122.229281).jpg",Oakland,35.18235577344895,-108.66087102890015,37.789687,-122.229281
"Bakersfield_ (35.354283, -119.037145).jpg",Bakersfield,36.74578092396259,-103.8245610922575,35.354283,-119.037145
"Atlanta_ (33.776208, -84.400934).jpg",Atlanta,37.18897577524185,-97.24931148886681,33.776208,-84.400934
"Las Vegas_ (36.233609, -115.262787).jpg",Las Vegas,36.991847252845766,-121.30987589508295,36.233609,-115.262787
"Detroit_ (42.363795, -83.089619).jpg",Detroit,38.97097178697586,-92.48640220165254,42.363795,-83.089619
"Denveri_ (39.749328, -104.900535).jpg",Denveri,38.82651298046112,-100.77341015040875,39.749328,-104.900535
"Chicago_ (41.827177, -87.667836).jpg",Chicago,40.846996480226515,-74.36792346835136,41.827177,-87.667836
"Oakland_ (37.783727, -122.241448).jpg",Oakland,35.234604731202126,-100.83175354599953,37.783727,-122.241448
"Portland_ (45.539918, -122.655716).jpg",Portland,48.11507294774056,-106.29568223655224,45.539918,-122.655716
"Seattle_ (47.609488, -122.329825).jpg",Seattle,44.692210769653315,-85.07208297252654,47.609488,-122.329825
"San Diego_ (32.741154, -117.139107).jpg",San Diego,31.861062529683114,-97.05142357349396,32.741154,-117.139107
"Boston_ (42.331474, -71.014412).jpg",Boston,35.5796019077301,-92.46273931860924,42.331474,-71.014412
"Fort Worth_ (32.781165, -97.373636).jpg",Fort Worth,36.84347250163555,-104.6741306245327,32.781165,-97.373636
"Colorado Springs_ (38.885036, -104.747853).jpg",Colorado Springs,36.64008826315403,-112.12807124406099,38.885036,-104.747853
"San Antonio_ (29.461389, -98.539001).jpg",San Antonio,36.16126477122307,-112.45382287949323,29.461389,-98.539001
"Austin_ (30.276142, -97.75522).jpg",Austin,36.840909364819524,-105.91498616933822,30.276142,-97.75522
"Jacksonvillef_ (30.321068, -81.642538).jpg",Jacksonvillef,30.92070299088955,-99.49134974479676,30.321068,-81.642538
"Oakland_ (37.780613, -122.213649).jpg",Oakland,43.24102711677551,-101.52215703129768,37.780613,-122.213649
"Fresno_ (36.791569, -119.80722).jpg",Fresno,36.87106295526028,-123.34026025906205,36.791569,-119.80722
"Columbus_ (39.998543, -82.984838).jpg",Columbus,36.826254069805145,-101.00777242779732,39.998543,-82.984838
"Jacksonvillef_ (30.31581, -81.657544).jpg",Jacksonvillef,28.611195760965348,-81.82252119779588,30.31581,-81.657544
"Charlotte_ (35.219764, -80.841201).jpg",Charlotte,35.755723690986635,-98.48831950724124,35.219764,-80.841201
"Washingtonk_ (38.907045, -77.013219).jpg",Washingtonk,37.18953678607941,-97.72940343916417,38.907045,-77.013219
"Milwaukee_ (43.069739, -87.984152).jpg",Milwaukee,41.836106079816815,-103.43615805208682,43.069739,-87.984152
"Tucson_ (32.171408, -110.8751).jpg",Tucson,37.31736414432525,-99.58574501276016,32.171408,-110.8751
"Memphis_ (35.121103, -89.945674).jpg",Memphis,39.47950288057327,-89.02341389656067,35.121103,-89.945674
"Atlanta_ (33.750278, -84.404834).jpg",Atlanta,35.510731148719785,-114.39547879099845,33.750278,-84.404834
"Columbus_ (39.972751, -82.968411).jpg",Columbus,37.60794697999954,-100.84637965261936,39.972751,-82.968411
"Philadelphiae_ (39.999888, -75.126741).jpg",Philadelphiae,40.033067709207536,-90.61724222302436,39.999888,-75.126741
"Charlotte_ (35.227517, -80.812918).jpg",Charlotte,38.91355277299881,-87.13002309799194,35.227517,-80.812918
"Austin_ (30.285649, -97.752026).jpg",Austin,32.97807369530201,-81.19733002781868,30.285649,-97.752026
"Portland_ (45.56014, -122.634319).jpg",Portland,40.20011684894562,-93.20604058504105,45.56014,-122.634319
"Minneapolis_ (44.938779, -93.258874).jpg",Minneapolis,44.612053006887436,-81.53232275843621,44.938779,-93.258874
"Miami_ (25.783333, -80.224915).jpg",Miami,28.660383647680284,-103.72230128347874,25.783333,-80.224915
"Bakersfield_ (35.343129, -119.025142).jpg",Bakersfield,35.980877524614336,-97.66971465647221,35.343129,-119.025142
"Oklahoma City_ (35.451387, -97.524885).jpg",Oklahoma City,35.36479041278362,-105.61378222107888,35.451387,-97.524885
"Raleigh_ (35.827744, -78.639459).jpg",Raleigh,37.10609903931618,-90.79309834241867,35.827744,-78.639459
"Austin_ (30.309109, -97.751051).jpg",Austin,34.74130552709103,-101.39763686656951,30.309109,-97.751051
"Tulsa_ (36.132064, -95.900092).jpg",Tulsa,38.70748072862625,-95.76626548767089,36.132064,-95.900092
"Minneapolis_ (44.976067, -93.278018).jpg",Minneapolis,41.168098008632654,-84.56212758421898,44.976067,-93.278018
"Portland_ (45.535178, -122.644725).jpg",Portland,37.23910313248634,-113.921825478971,45.535178,-122.644725
"Miami_ (25.770132, -80.21288).jpg",Miami,32.987179732322694,-83.67851127386093,25.770132,-80.21288
"Miami_ (25.799012, -80.223825).jpg",Miami,37.428834623098375,-97.72931859493255,25.799012,-80.223825
"Columbus_ (39.994083, -82.971328).jpg",Columbus,37.96211698055267,-79.85521548986435,39.994083,-82.971328
"Columbus_ (40.002927, -83.01081).jpg",Columbus,42.92199746966362,-116.83742044568062,40.002927,-83.01081
"Fort Worth_ (32.778164, -97.358235).jpg",Fort Worth,37.26455046534538,-96.41699823439122,32.778164,-97.358235
"Minneapolis_ (44.964376, -93.25469).jpg",Minneapolis,43.926306307315826,-95.44145060181617,44.964376,-93.25469
"Tulsa_ (36.113021, -95.893627).jpg",Tulsa,37.616756927967074,-101.40290759801864,36.113021,-95.893627
"Boston_ (42.36042, -71.025094).jpg",Boston,37.31736414432525,-99.58574501276016,42.36042,-71.025094
"Tampa_ (27.96892, -82.476331).jpg",Tampa,31.463187113404274,-90.05639761090279,27.96892,-82.476331
"Jacksonvillef_ (30.352557, -81.646469).jpg",Jacksonvillef,36.94686323702335,-100.7589017868042,30.352557,-81.646469
"Tampa_ (27.96254, -82.476999).jpg",Tampa,34.66519802510739,-94.12108389139175,27.96254,-82.476999
"Colorado Springs_ (38.860081, -104.74673).jpg",Colorado Springs,37.420272529125214,-112.38926334530115,38.860081,-104.74673
"Los Angeles_ (34.016812, -118.428225).jpg",Los Angeles,35.21664347946644,-121.65834543928504,34.016812,-118.428225
"San Jose_ (37.346953, -121.882211).jpg",San Jose,36.15851017832756,-111.98827132582664,37.346953,-121.882211
"Philadelphiae_ (40.030659, -75.144819).jpg",Philadelphiae,42.151699906587595,-88.35636854767799,40.030659,-75.144819
"Minneapolis_ (44.963942, -93.287406).jpg",Minneapolis,42.099619400501254,-80.41494500637054,44.963942,-93.287406
"Atlanta_ (33.781574, -84.422781).jpg",Atlanta,36.21941176354885,-81.75450382828713,33.781574,-84.422781
"Austin_ (30.3075, -97.77232).jpg",Austin,36.87579221725464,-93.00398664474488,30.3075,-97.77232
"Houston_ (29.806373, -95.402785).jpg",Houston,41.02196359038353,-83.41704213023186,29.806373,-95.402785
"San Jose_ (37.33614, -121.903859).jpg",San Jose,37.4197560429573,-95.44849440455437,37.33614,-121.903859
"Tulsa_ (36.141106, -95.877801).jpg",Tulsa,37.29911348223686,-92.37102789878845,36.141106,-95.877801
"Omaha_ (41.256898, -96.051528).jpg",Omaha,39.56649666428566,-107.64181908369065,41.256898,-96.051528
"Tampa_ (27.971224, -82.485388).jpg",Tampa,38.957103836536405,-113.04791257828474,27.971224,-82.485388
"Fort Worth_ (32.767734, -97.32973).jpg",Fort Worth,36.0164349257946,-99.94231241941452,32.767734,-97.32973
"Fort Worth_ (32.80322, -97.369434).jpg",Fort Worth,35.68681879639625,-98.75711642205715,32.80322,-97.369434
"Wichita_ (37.702479, -97.363282).jpg",Wichita,35.087660706043245,-96.78205006420612,37.702479,-97.363282
"Tulsa_ (36.115723, -95.895138).jpg",Tulsa,36.487794598937036,-100.79115125238896,36.115723,-95.895138
"Tulsa_ (36.142621, -95.887084).jpg",Tulsa,36.64552917778492,-93.61422791481019,36.142621,-95.887084
"Philadelphiae_ (39.986566, -75.140032).jpg",Philadelphiae,38.34439243674278,-78.9695248246193,39.986566,-75.140032
"Milwaukee_ (43.067567, -87.956877).jpg",Milwaukee,40.02570184469223,-90.76854199767112,43.067567,-87.956877
"Dallas_ (32.782625, -96.762239).jpg",Dallas,36.13304206728935,-94.69523346424103,32.782625,-96.762239
"Memphis_ (35.100298, -89.948335).jpg",Memphis,40.19870393276214,-98.59244069457054,35.100298,-89.948335
"San Antonio_ (29.443118, -98.531831).jpg",San Antonio,32.79152571856976,-104.16177016198635,29.443118,-98.531831
"Philadelphiae_ (40.030683, -75.148013).jpg",Philadelphiae,43.87976467013359,-80.36109142899514,40.030683,-75.148013
"San Antonio_ (29.440357, -98.516372).jpg",San Antonio,32.89484818279743,-92.09493438005447,29.440357,-98.516372
"San Jose_ (37.324709, -121.880451).jpg",San Jose,38.06518268585205,-112.40495433360338,37.324709,-121.880451
"San Franciscoh_ (37.796756, -122.435283).jpg",San Franciscoh,43.86332616209984,-95.75645818710328,37.796756,-122.435283
"Albuquerque_ (35.117329, -106.652273).jpg",Albuquerque,35.30858098566532,-111.07638889998198,35.117329,-106.652273
"Portland_ (45.546222, -122.668005).jpg",Portland,41.04572937488555,-89.34238665103913,45.546222,-122.668005
"Sacramento_ (38.570244, -121.447059).jpg",Sacramento,42.67083083987236,-108.19879202842712,38.570244,-121.447059
"Fort Worth_ (32.784903, -97.340212).jpg",Fort Worth,37.01325322985649,-77.93681468963624,32.784903,-97.340212
"Charlotte_ (35.191563, -80.814374).jpg",Charlotte,39.32042959332466,-89.90125041007997,35.191563,-80.814374
"Tampa_ (27.96016, -82.480412).jpg",Tampa,31.447245055437087,-104.92131303846836,27.96016,-82.480412
"Fresno_ (36.80181, -119.786414).jpg",Fresno,36.82909622788429,-110.99945855736732,36.80181,-119.786414
"New Yorkd_ (40.675451, -73.956117).jpg",New Yorkd,44.96868076920509,-84.15388830900193,40.675451,-73.956117
"Phoenix_ (33.561954, -112.106572).jpg",Phoenix,41.8877116560936,-115.40595194548368,33.561954,-112.106572
"Las Vegas_ (36.238797, -115.251016).jpg",Las Vegas,36.24905851483345,-116.59201196879148,36.238797,-115.251016
"Atlanta_ (33.747869, -84.404694).jpg",Atlanta,32.020077192783354,-86.96235704421997,33.747869,-84.404694
"Tulsa_ (36.153935, -95.889975).jpg",Tulsa,35.97381071746349,-92.87202789187432,36.153935,-95.889975
"Memphis_ (35.122891, -89.989574).jpg",Memphis,37.750477868318555,-93.29920994043351,35.122891,-89.989574
"Nashvillej_ (36.168094, -86.778675).jpg",Nashvillej,36.34174180924892,-91.0449333369732,36.168094,-86.778675
"Boston_ (42.323737, -71.044341).jpg",Boston,38.94451819658279,-90.62828582525253,42.323737,-71.044341
"Portland_ (45.557918, -122.630529).jpg",Portland,37.8791808784008,-107.90361375212669,45.557918,-122.630529
"Detroit_ (42.392786, -83.122911).jpg",Detroit,36.08818272054195,-102.25363031923771,42.392786,-83.122911
"Albuquerque_ (35.093257, -106.66268).jpg",Albuquerque,35.35029243826866,-100.71892803311349,35.093257,-106.66268
"Chicago_ (41.854524, -87.66754).jpg",Chicago,43.042838907241816,-69.51281447410584,41.854524,-87.66754
"San Jose_ (37.356221, -121.892497).jpg",San Jose,38.409917908906934,-123.14666888155043,37.356221,-121.892497
"Colorado Springs_ (38.860427, -104.784316).jpg",Colorado Springs,37.523517817258835,-93.4648431956768,38.860427,-104.784316
"Oakland_ (37.775665, -122.212714).jpg",Oakland,37.82197706699371,-101.98036263287068,37.775665,-122.212714
"Baltimorem_ (39.289597, -76.616012).jpg",Baltimorem,40.16920485496521,-120.88103115931153,39.289597,-76.616012
"San Franciscoh_ (37.768475, -122.426982).jpg",San Franciscoh,38.67738502025604,-116.79291531741619,37.768475,-122.426982
"El Paso_ (31.841367, -106.446263).jpg",El Paso,37.31736414432525,-99.58574501276016,31.841367,-106.446263
"Phoenix_ (33.564602, -112.069449).jpg",Phoenix,35.65365533828735,-118.1380708284676,33.564602,-112.069449
"Bakersfield_ (35.373626, -119.02502).jpg",Bakersfield,37.658096599578855,-120.91215817034245,35.373626,-119.02502
"Tucson_ (32.173889, -110.859793).jpg",Tucson,37.31736414432525,-99.58574501276016,32.173889,-110.859793
"San Jose_ (37.355954, -121.91136).jpg",San Jose,36.11489158570767,-101.72079296112061,37.355954,-121.91136
"Mesa_ (33.376853, -111.71674).jpg",Mesa,39.55832490324974,-115.83517891317607,33.376853,-111.71674
"San Franciscoh_ (37.774991, -122.420157).jpg",San Franciscoh,38.39641209244728,-121.50290409736336,37.774991,-122.420157
"Sacramento_ (38.574737, -121.457343).jpg",Sacramento,43.8959345459938,-121.44229674600065,38.574737,-121.457343
"Bakersfield_ (35.370442, -119.016765).jpg",Bakersfield,39.75284279584885,-117.28741433769464,35.370442,-119.016765
"San Franciscoh_ (37.757424, -122.424485).jpg",San Franciscoh,39.775338143110275,-116.17642933875322,37.757424,-122.424485
"Tulsa_ (36.113973, -95.909247).jpg",Tulsa,36.27517594397068,-92.50066988468171,36.113973,-95.909247
"Tulsa_ (36.150794, -95.910733).jpg",Tulsa,33.44661718308926,-87.36084096431733,36.150794,-95.910733
"Dallas_ (32.79435, -96.789471).jpg",Dallas,41.302376991510386,-110.2851567029953,32.79435,-96.789471
"Los Angeles_ (34.000146, -118.388959).jpg",Los Angeles,34.36420457959175,-122.95401295498013,34.000146,-118.388959
"Dallas_ (32.783725, -96.79161).jpg",Dallas,35.71962828338146,-95.94444183707238,32.783725,-96.79161
"Tucson_ (32.12524, -110.892078).jpg",Tucson,35.46864494681358,-105.20308419466019,32.12524,-110.892078
"Kansas City_ (39.121059, -94.551327).jpg",Kansas City,38.203307116031645,-91.84600486755372,39.121059,-94.551327
"Albuquerque_ (35.094109, -106.633547).jpg",Albuquerque,37.31736414432525,-99.58574501276016,35.094109,-106.633547
"Bakersfield_ (35.372118, -119.033518).jpg",Bakersfield,37.36909884214401,-121.45769229456782,35.372118,-119.033518
"Indianapolisg_ (39.785204, -86.150424).jpg",Indianapolisg,37.00206418037415,-85.03858854770661,39.785204,-86.150424
"Oklahoma City_ (35.473753, -97.507554).jpg",Oklahoma City,36.53765851855278,-101.25454966723919,35.473753,-97.507554
"Seattle_ (47.613124, -122.313888).jpg",Seattle,37.564005583524704,-85.68108447790146,47.613124,-122.313888
"Tulsa_ (36.147966, -95.900672).jpg",Tulsa,35.46085832417011,-104.42004639208317,36.147966,-95.900672
"Oklahoma City_ (35.450201, -97.527624).jpg",Oklahoma City,36.216149589419366,-106.56486354768276,35.450201,-97.527624
"Colorado Springs_ (38.871131, -104.741604).jpg",Colorado Springs,39.47191736102104,-111.24284549057484,38.871131,-104.741604
"Indianapolisg_ (39.774844, -86.152611).jpg",Indianapolisg,40.02704945802689,-95.29878416061402,39.774844,-86.152611
"Indianapolisg_ (39.782311, -86.151271).jpg",Indianapolisg,40.529100728034976,-83.82352218627929,39.782311,-86.151271
"Las Vegas_ (36.2213, -115.260433).jpg",Las Vegas,36.24905851483345,-116.59201196879148,36.2213,-115.260433
"Minneapolis_ (44.947256, -93.273056).jpg",Minneapolis,34.34137529730797,-81.34299545288087,44.947256,-93.273056
"San Jose_ (37.340389, -121.900456).jpg",San Jose,35.828424313664435,-119.5231888383627,37.340389,-121.900456
"New Yorkd_ (40.675875, -73.950811).jpg",New Yorkd,45.413664770126346,-79.06236519217492,40.675875,-73.950811
"Columbus_ (40.001707, -82.970678).jpg",Columbus,38.25578537583351,-89.15298662185668,40.001707,-82.970678
"Atlanta_ (33.780778, -84.411983).jpg",Atlanta,33.060145276784894,-89.07539051175118,33.780778,-84.411983
"New Yorkd_ (40.642626, -73.957166).jpg",New Yorkd,38.065976709127426,-86.36349875330924,40.642626,-73.957166
"Detroit_ (42.380532, -83.089303).jpg",Detroit,40.70334357023239,-85.15826047062873,42.380532,-83.089303
"Dallas_ (32.814087, -96.778238).jpg",Dallas,36.38831906616688,-94.67215583324432,32.814087,-96.778238
"Jacksonvillef_ (30.358939, -81.648583).jpg",Jacksonvillef,29.086558943986894,-88.60565475225448,30.358939,-81.648583
"Wichita_ (37.686662, -97.371251).jpg",Wichita,39.544451016187665,-98.45949151515961,37.686662,-97.371251
"New Yorkd_ (40.653215, -73.917447).jpg",New Yorkd,41.58456841111183,-71.59569880366325,40.653215,-73.917447
"Miami_ (25.762717, -80.213211).jpg",Miami,37.38977758288384,-114.69554859697818,25.762717,-80.213211
"Denveri_ (39.753855, -104.865529).jpg",Denveri,43.57808480262756,-102.9431507319212,39.753855,-104.865529
"Seattle_ (47.628669, -122.333991).jpg",Seattle,37.254434460401534,-110.45496117770672,47.628669,-122.333991
"Detroit_ (42.378143, -83.076262).jpg",Detroit,41.1303351521492,-84.3531025648117,42.378143,-83.076262
"Long Beach_ (33.760496, -118.194076).jpg",Long Beach,34.36780959367752,-114.99122901260853,33.760496,-118.194076
"Mesa_ (33.397481, -111.713591).jpg",Mesa,36.43984524011612,-102.26361423432827,33.397481,-111.713591
"Dallas_ (32.765515, -96.77148).jpg",Dallas,35.37554312050342,-90.04751147627832,32.765515,-96.77148
"San Franciscoh_ (37.769783, -122.405646).jpg",San Franciscoh,32.54141358137131,-114.40654490292073,37.769783,-122.405646
"Oklahoma City_ (35.46467, -97.52021).jpg",Oklahoma City,35.13906592130661,-96.19896933734418,35.46467,-97.52021
"Sacramento_ (38.577115, -121.4511).jpg",Sacramento,38.288536238670346,-99.69776017665863,38.577115,-121.4511
"Los Angeles_ (34.000212, -118.425021).jpg",Los Angeles,31.251323893666267,-113.09265232682228,34.000212,-118.425021
"Detroit_ (42.403664, -83.075359).jpg",Detroit,37.31736414432525,-99.58574501276016,42.403664,-83.075359
"Oklahoma City_ (35.459361, -97.520606).jpg",Oklahoma City,37.25663249492645,-99.02041923999786,35.459361,-97.520606
"Bakersfield_ (35.361764, -119.050034).jpg",Bakersfield,38.2031572163105,-120.90505116730928,35.361764,-119.050034
"Fresno_ (36.758035, -119.773385).jpg",Fresno,36.6223852545023,-105.21646187901497,36.758035,-119.773385
"Oklahoma City_ (35.476026, -97.525122).jpg",Oklahoma City,36.668253085017206,-102.05185515284538,35.476026,-97.525122
"Kansas City_ (39.135758, -94.56986).jpg",Kansas City,41.002568644285205,-89.46821930408478,39.135758,-94.56986
"Atlanta_ (33.75237, -84.444373).jpg",Atlanta,36.01500642597675,-94.01626144051552,33.75237,-84.444373
"Fresno_ (36.775626, -119.80931).jpg",Fresno,36.49441244900227,-121.68115793205797,36.775626,-119.80931
"Bakersfield_ (35.363856, -119.050755).jpg",Bakersfield,36.2735923498869,-107.72512919306754,35.363856,-119.050755
"Long Beach_ (33.78933, -118.184271).jpg",Long Beach,35.16247847676277,-115.84368324875831,33.78933,-118.184271
"Denveri_ (39.771849, -104.892461).jpg",Denveri,37.31736414432525,-99.58574501276016,39.771849,-104.892461
"Albuquerque_ (35.098853, -106.662945).jpg",Albuquerque,35.61385325193405,-107.03066357374192,35.098853,-106.662945
"Tulsa_ (36.135204, -95.917833).jpg",Tulsa,36.803072300553325,-95.51010170578957,36.135204,-95.917833
"Fort Worth_ (32.760929, -97.355954).jpg",Fort Worth,35.91874631643295,-106.21311148405076,32.760929,-97.355954
"Phoenix_ (33.594965, -112.102491).jpg",Phoenix,36.995210349559784,-118.60576729625464,33.594965,-112.102491
"El Paso_ (31.8546, -106.437686).jpg",El Paso,35.472715243697166,-111.42507271915674,31.8546,-106.437686
"New Yorkd_ (40.641938, -73.946872).jpg",New Yorkd,45.09675894975662,-86.84289290308953,40.641938,-73.946872
"Phoenix_ (33.558007, -112.10617).jpg",Phoenix,37.31736414432525,-99.58574501276016,33.558007,-112.10617
"Boston_ (42.340365, -71.029605).jpg",Boston,37.31736414432525,-99.58574501276016,42.340365,-71.029605
"Oklahoma City_ (35.44628, -97.526289).jpg",Oklahoma City,37.6449395596981,-99.16078622937204,35.44628,-97.526289
"Albuquerque_ (35.109237, -106.671373).jpg",Albuquerque,34.56315787136555,-117.8216351762414,35.109237,-106.671373
"Bakersfield_ (35.35527, -119.036617).jpg",Bakersfield,33.23835007250309,-114.03940140306949,35.35527,-119.036617
"Louisvillel_ (38.147086, -85.643513).jpg",Louisvillel,43.09327051639556,-99.41941915154457,38.147086,-85.643513
"Indianapolisg_ (39.799416, -86.140707).jpg",Indianapolisg,37.166348338127136,-115.93082779794932,39.799416,-86.140707
"Philadelphiae_ (40.034284, -75.130936).jpg",Philadelphiae,40.393116450309755,-96.6286672770977,40.034284,-75.130936
"Raleigh_ (35.819213, -78.649745).jpg",Raleigh,32.17761363685131,-80.68252639770509,35.819213,-78.649745
"Boston_ (42.338835, -71.038074).jpg",Boston,39.22744724154472,-82.83923906087875,42.338835,-71.038074
"Tulsa_ (36.134375, -95.895379).jpg",Tulsa,34.33767974972725,-92.84380766153336,36.134375,-95.895379
"Kansas City_ (39.099325, -94.559512).jpg",Kansas City,40.062645447254184,-87.2190160393715,39.099325,-94.559512
"El Paso_ (31.859596, -106.450324).jpg",El Paso,34.29258071184158,-104.13993575870991,31.859596,-106.450324
"Charlotte_ (35.220675, -80.813456).jpg",Charlotte,34.0410593688488,-101.31484101712704,35.220675,-80.813456
"Philadelphiae_ (40.014346, -75.121242).jpg",Philadelphiae,36.46403252482414,-92.83415273427963,40.014346,-75.121242
"Philadelphiae_ (40.006218, -75.125146).jpg",Philadelphiae,37.59667927026749,-98.4214345484972,40.006218,-75.125146
"Jacksonvillef_ (30.346979, -81.667557).jpg",Jacksonvillef,39.239118641614915,-103.75449360907078,30.346979,-81.667557
"Albuquerque_ (35.106639, -106.644237).jpg",Albuquerque,33.88664558827877,-94.58774101734161,35.106639,-106.644237
"Philadelphiae_ (40.016898, -75.138007).jpg",Philadelphiae,40.23948704600334,-98.05258377492427,40.016898,-75.138007
"Long Beach_ (33.792322, -118.168735).jpg",Long Beach,36.285547223687175,-87.21424052119255,33.792322,-118.168735
"Austin_ (30.290565, -97.747033).jpg",Austin,37.44540670514107,-105.55607082843781,30.290565,-97.747033
"Columbus_ (39.982759, -82.991624).jpg",Columbus,36.813475489616394,-101.19221512973309,39.982759,-82.991624
"Raleigh_ (35.852317, -78.643492).jpg",Raleigh,35.71579841971398,-97.6654533982277,35.852317,-78.643492
"Kansas City_ (39.110579, -94.545923).jpg",Kansas City,38.953960394859315,-94.6817518889904,39.110579,-94.545923
"Austin_ (30.285039, -97.762116).jpg",Austin,35.878821787238124,-99.47290045320989,30.285039,-97.762116
"Colorado Springs_ (38.858858, -104.762341).jpg",Colorado Springs,39.63044002652168,-101.60288891494274,38.858858,-104.762341
"Colorado Springs_ (38.860793, -104.761103).jpg",Colorado Springs,37.01120212674141,-104.20912882685661,38.860793,-104.761103
"Mesa_ (33.408206, -111.733098).jpg",Mesa,34.07047384977341,-119.35542105808854,33.408206,-111.733098
"Dallas_ (32.796372, -96.764328).jpg",Dallas,37.00416277647018,-91.78562694191933,32.796372,-96.764328
"San Franciscoh_ (37.780127, -122.436961).jpg",San Franciscoh,40.14217392802239,-89.10418560504914,37.780127,-122.436961
"Dallas_ (32.770762, -96.751963).jpg",Dallas,32.33158217072487,-87.00138885378837,32.770762,-96.751963
"Oklahoma City_ (35.488243, -97.501407).jpg",Oklahoma City,40.2243219435215,-90.2252272427082,35.488243,-97.501407
"Milwaukee_ (43.063101, -87.95419).jpg",Milwaukee,40.29011456370354,-93.05347680449486,43.063101,-87.95419
"Los Angeles_ (34.005962, -118.423086).jpg",Los Angeles,36.67614359855652,-111.64774207621812,34.005962,-118.423086
"Sacramento_ (38.580118, -121.488605).jpg",Sacramento,37.6398118019104,-97.16405688822269,38.580118,-121.488605
"Indianapolisg_ (39.755216, -86.158466).jpg",Indianapolisg,38.00523170232773,-104.38863151669503,39.755216,-86.158466
"Bakersfield_ (35.361248, -119.053583).jpg",Bakersfield,36.16112006604671,-111.42052749246359,35.361248,-119.053583
"Austin_ (30.281809, -97.742226).jpg",Austin,39.73931323289871,-97.44900364279746,30.281809,-97.742226
"New Yorkd_ (40.669664, -73.934262).jpg",New Yorkd,43.676111799478534,-74.0239614903927,40.669664,-73.934262
"Kansas City_ (39.141871, -94.557873).jpg",Kansas City,37.31736414432525,-99.58574501276016,39.141871,-94.557873
"Oakland_ (37.786296, -122.239344).jpg",Oakland,40.56922636032104,-115.70292753428221,37.786296,-122.239344
"Wichita_ (37.674412, -97.333383).jpg",Wichita,36.686236599087714,-94.68940518498421,37.674412,-97.333383
"Dallas_ (32.782489, -96.767418).jpg",Dallas,34.41047313213348,-98.20050882697106,32.782489,-96.767418
"Indianapolisg_ (39.791538, -86.150357).jpg",Indianapolisg,37.738542288541794,-112.29441355466842,39.791538,-86.150357
"San Diego_ (32.723708, -117.161889).jpg",San Diego,34.88345572948456,-121.88203920386732,32.723708,-117.161889
"Denveri_ (39.745333, -104.89679).jpg",Denveri,35.88831073641777,-109.36083420813084,39.745333,-104.89679
"Philadelphiae_ (40.025275, -75.15028).jpg",Philadelphiae,41.422642576694486,-69.77638221383096,40.025275,-75.15028
"Oklahoma City_ (35.473673, -97.51523).jpg",Oklahoma City,41.514911049604414,-111.19199609160424,35.473673,-97.51523
"Bakersfield_ (35.353999, -119.052087).jpg",Bakersfield,37.14025688171387,-108.38328321278095,35.353999,-119.052087
"Jacksonvillef_ (30.354327, -81.663572).jpg",Jacksonvillef,28.78233783096075,-77.36951845288277,30.354327,-81.663572
"Kansas City_ (39.131116, -94.537889).jpg",Kansas City,33.506272077560425,-97.77308782935143,39.131116,-94.537889
"Albuquerque_ (35.080508, -106.638843).jpg",Albuquerque,34.80152588486671,-105.34143050611019,35.080508,-106.638843
"Oakland_ (37.771507, -122.208998).jpg",Oakland,41.48563162684441,-114.10121215730905,37.771507,-122.208998
"Long Beach_ (33.77579, -118.170571).jpg",Long Beach,36.30964471697807,-124.23344475859776,33.77579,-118.170571
"Chicago_ (41.817246, -87.664068).jpg",Chicago,39.456756711006165,-105.23869972527027,41.817246,-87.664068
"Seattle_ (47.617591, -122.321717).jpg",Seattle,37.42398291826248,-95.12652959227563,47.617591,-122.321717
"Denveri_ (39.777683, -104.864824).jpg",Denveri,36.30475368201733,-109.74610147476196,39.777683,-104.864824
"Fort Worth_ (32.781835, -97.347682).jpg",Fort Worth,36.336566558480264,-99.4806559085846,32.781835,-97.347682
"Charlotte_ (35.234243, -80.814205).jpg",Charlotte,29.699580532312392,-111.0022185921669,35.234243,-80.814205
"San Antonio_ (29.436456, -98.520223).jpg",San Antonio,37.05570898652077,-89.4789789378643,29.436456,-98.520223
"Portland_ (45.545898, -122.633539).jpg",Portland,40.19744240045547,-97.27216575443745,45.545898,-122.633539
"Austin_ (30.312709, -97.764898).jpg",Austin,37.31736414432525,-99.58574501276016,30.312709,-97.764898
"Tulsa_ (36.126144, -95.886372).jpg",Tulsa,34.3296044588089,-96.60754106342793,36.126144,-95.886372
"Colorado Springs_ (38.866959, -104.744991).jpg",Colorado Springs,41.113981240987776,-101.1179902791977,38.866959,-104.744991
"Portland_ (45.530515, -122.658722).jpg",Portland,43.55526739358902,-107.09199210107326,45.530515,-122.658722
"Baltimorem_ (39.290331, -76.602417).jpg",Baltimorem,40.01189474463463,-71.54810292124749,39.290331,-76.602417
"Kansas City_ (39.095238, -94.579665).jpg",Kansas City,39.9992601275444,-104.85232948362827,39.095238,-94.579665
"Nashvillej_ (36.184709, -86.810719).jpg",Nashvillej,36.65857639014721,-87.06829805374146,36.184709,-86.810719
"Austin_ (30.310656, -97.774138).jpg",Austin,33.014687073230746,-91.04603111743927,30.310656,-97.774138
"Minneapolis_ (44.976255, -93.283108).jpg",Minneapolis,42.19982513785362,-89.44232622981072,44.976255,-93.283108
"Houston_ (29.786401, -95.36632).jpg",Houston,31.69908178150654,-99.16087280511857,29.786401,-95.36632
"Washingtonk_ (38.911613, -77.022257).jpg",Washingtonk,40.11133911013603,-82.8006886124611,38.911613,-77.022257
"Fresno_ (36.778295, -119.803824).jpg",Fresno,40.42640309333801,-108.99753813445568,36.778295,-119.803824
"Memphis_ (35.085756, -89.959871).jpg",Memphis,36.241688939929006,-93.68382096290588,35.085756,-89.959871
"Atlanta_ (33.783558, -84.422569).jpg",Atlanta,39.80297015309334,-91.88934814929962,33.783558,-84.422569
"Los Angeles_ (33.995587, -118.400044).jpg",Los Angeles,38.38318084478378,-112.46816848069429,33.995587,-118.400044
"Boston_ (42.347513, -71.027071).jpg",Boston,34.36811236143112,-99.93580884933472,42.347513,-71.027071
"Atlanta_ (33.782692, -84.443185).jpg",Atlanta,37.58877910971641,-115.89382792115211,33.782692,-84.443185
"Jacksonvillef_ (30.324582, -81.671842).jpg",Jacksonvillef,38.92863179445267,-101.47676883041859,30.324582,-81.671842
"Indianapolisg_ (39.759306, -86.17233).jpg",Indianapolisg,37.31736414432525,-99.58574501276016,39.759306,-86.17233
"Omaha_ (41.25782, -96.073495).jpg",Omaha,39.80424207448959,-94.77790291309357,41.25782,-96.073495
"Indianapolisg_ (39.802106, -86.157597).jpg",Indianapolisg,34.96194159090519,-110.06593132913113,39.802106,-86.157597
"Mesa_ (33.388277, -111.71434).jpg",Mesa,33.12116485238075,-119.61011824682355,33.388277,-111.71434
"Raleigh_ (35.814752, -78.620676).jpg",Raleigh,40.48637633919716,-93.2757098197937,35.814752,-78.620676
"Houston_ (29.784642, -95.392287).jpg",Houston,37.99029515981674,-98.57437406778337,29.784642,-95.392287
"Austin_ (30.317348, -97.729445).jpg",Austin,36.08788959980011,-101.64799661040306,30.317348,-97.729445
"Jacksonvillef_ (30.34105, -81.640427).jpg",Jacksonvillef,36.22125137448311,-94.72329785823823,30.34105,-81.640427
"Seattle_ (47.610638, -122.308649).jpg",Seattle,36.52831946909428,-90.96850773096085,47.610638,-122.308649
"Oakland_ (37.760337, -122.234414).jpg",Oakland,39.45177143216133,-115.8406340509653,37.760337,-122.234414
"New Yorkd_ (40.639838, -73.963413).jpg",New Yorkd,44.775704914331435,-70.35038980245591,40.639838,-73.963413
"Kansas City_ (39.131428, -94.539198).jpg",Kansas City,35.98501386642456,-98.44131926596165,39.131428,-94.539198
"Raleigh_ (35.81429, -78.636198).jpg",Raleigh,38.15876166820526,-93.3873890697956,35.81429,-78.636198
"San Franciscoh_ (37.758085, -122.4191).jpg",San Franciscoh,38.146284371614456,-117.05869506746531,37.758085,-122.4191
"Nashvillej_ (36.155453, -86.802612).jpg",Nashvillej,37.62824726104736,-113.00014527589083,36.155453,-86.802612
"Portland_ (45.53146, -122.636708).jpg",Portland,37.12503834962845,-114.1178000703454,45.53146,-122.636708
"Atlanta_ (33.772283, -84.412769).jpg",Atlanta,37.60562576055527,-95.36484491825104,33.772283,-84.412769
"Detroit_ (42.390556, -83.124228).jpg",Detroit,38.58279532790184,-90.98224903345108,42.390556,-83.124228
"Chicago_ (41.837389, -87.66095).jpg",Chicago,39.277396500110626,-98.3517462670803,41.837389,-87.66095
"Baltimorem_ (39.277444, -76.615894).jpg",Baltimorem,40.07756417989731,-111.7170035392046,39.277444,-76.615894
"Kansas City_ (39.113817, -94.548005).jpg",Kansas City,39.3685444355011,-99.49711915254593,39.113817,-94.548005
"Wichita_ (37.705706, -97.330783).jpg",Wichita,38.80053877234459,-98.92462144494057,37.705706,-97.330783
"Memphis_ (35.100123, -89.962602).jpg",Memphis,37.457274013757704,-90.15385766029358,35.100123,-89.962602
"Philadelphiae_ (40.018221, -75.122635).jpg",Philadelphiae,37.23278211355209,-94.68092076182366,40.018221,-75.122635
"San Antonio_ (29.464684, -98.522055).jpg",San Antonio,34.578262123465535,-89.96440568566322,29.464684,-98.522055
"Detroit_ (42.368126, -83.094047).jpg",Detroit,36.11108027398586,-104.78961228132248,42.368126,-83.094047
"Tulsa_ (36.117032, -95.875031).jpg",Tulsa,36.57964231371879,-93.93614424467087,36.117032,-95.875031
"San Franciscoh_ (37.760869, -122.443482).jpg",San Franciscoh,32.46363492012024,-120.54443764314055,37.760869,-122.443482
"Atlanta_ (33.741371, -84.405454).jpg",Atlanta,37.31736414432525,-99.58574501276016,33.741371,-84.405454
"Fresno_ (36.780495, -119.81026).jpg",Fresno,36.09510556459427,-100.1386800646782,36.780495,-119.81026
"Minneapolis_ (44.984407, -93.266306).jpg",Minneapolis,37.52330261468887,-115.08800251632928,44.984407,-93.266306
"Austin_ (30.281371, -97.730632).jpg",Austin,35.46332499086857,-104.9114191621542,30.281371,-97.730632
"Memphis_ (35.112669, -89.963119).jpg",Memphis,40.55970995426178,-96.41735492646694,35.112669,-89.963119
"Memphis_ (35.08972, -89.954172).jpg",Memphis,36.66520017683506,-94.47811880707741,35.08972,-89.954172
"Indianapolisg_ (39.765683, -86.169027).jpg",Indianapolisg,40.68203406333923,-90.4822567820549,39.765683,-86.169027
"Fresno_ (36.797431, -119.770463).jpg",Fresno,34.86628775894642,-111.40028088837862,36.797431,-119.770463
"San Franciscoh_ (37.755383, -122.412029).jpg",San Franciscoh,39.66986068487167,-110.4806386783719,37.755383,-122.412029
"Chicago_ (41.836945, -87.673334).jpg",Chicago,37.0374672293663,-118.84316102340817,41.836945,-87.673334
"Fresno_ (36.759395, -119.80665).jpg",Fresno,38.18747859597206,-103.45386971831321,36.759395,-119.80665
"Fort Worth_ (32.803271, -97.330139).jpg",Fort Worth,34.42745780944824,-102.14658114016056,32.803271,-97.330139
"Tampa_ (27.969947, -82.45344).jpg",Tampa,26.530595237761737,-78.87545508146286,27.969947,-82.45344
"Miami_ (25.760172, -80.225644).jpg",Miami,31.610687696933745,-109.46644103527069,25.760172,-80.225644
"Tampa_ (27.986914, -82.481437).jpg",Tampa,38.375776392221454,-93.71291041374207,27.986914,-82.481437
"Sacramento_ (38.584728, -121.456287).jpg",Sacramento,38.9177692592144,-113.2359395161271,38.584728,-121.456287
"Tampa_ (27.951419, -82.466098).jpg",Tampa,43.67982367277145,-115.38014284968376,27.951419,-82.466098
"Nashvillej_ (36.169032, -86.78457).jpg",Nashvillej,38.69548429846763,-108.97022521793842,36.169032,-86.78457
"Columbus_ (40.001242, -82.969983).jpg",Columbus,39.6604763686657,-86.57488209605216,40.001242,-82.969983
"Long Beach_ (33.768798, -118.182486).jpg",Long Beach,37.71808913946152,-100.72634411156177,33.768798,-118.182486
"San Diego_ (32.716859, -117.141415).jpg",San Diego,34.84080777466297,-120.22424590215087,32.716859,-117.141415
"Atlanta_ (33.765311, -84.413331).jpg",Atlanta,35.54084392488003,-75.48475752472878,33.765311,-84.413331
"Portland_ (45.556033, -122.653829).jpg",Portland,42.754970592260364,-119.39132358729839,45.556033,-122.653829
"Jacksonvillef_ (30.358936, -81.655392).jpg",Jacksonvillef,33.385803163051605,-87.66500580310822,30.358936,-81.655392
"San Diego_ (32.735227, -117.146762).jpg",San Diego,34.60581769943237,-109.95479404330254,32.735227,-117.146762
"Milwaukee_ (43.048048, -87.962955).jpg",Milwaukee,45.65459814667702,-81.10567055344582,43.048048,-87.962955
"Oakland_ (37.759387, -122.225166).jpg",Oakland,38.66753764748573,-93.03732869625091,37.759387,-122.225166
"San Jose_ (37.363145, -121.870291).jpg",San Jose,34.92038597464561,-92.28280028700829,37.363145,-121.870291
"Fort Worth_ (32.761031, -97.374689).jpg",Fort Worth,32.96822854876518,-96.11469131112099,32.761031,-97.374689
"Seattle_ (47.614945, -122.341772).jpg",Seattle,46.68733301758766,-121.40034884884953,47.614945,-122.341772
"Sacramento_ (38.583915, -121.492413).jpg",Sacramento,38.444602626562116,-102.82540771663189,38.583915,-121.492413
"Chicago_ (41.832721, -87.669352).jpg",Chicago,35.37622509002686,-111.85333696454764,41.832721,-87.669352
"Mesa_ (33.406176, -111.718548).jpg",Mesa,35.87421867847443,-112.55346983224153,33.406176,-111.718548
"Albuquerque_ (35.095485, -106.643988).jpg",Albuquerque,37.31736414432525,-99.58574501276016,35.095485,-106.643988
"Wichita_ (37.711786, -97.368469).jpg",Wichita,36.51015488803387,-98.24743461310864,37.711786,-97.368469
"Sacramento_ (38.573995, -121.4928).jpg",Sacramento,35.722943145036695,-90.84765491485595,38.573995,-121.4928
"Detroit_ (42.367389, -83.096846).jpg",Detroit,38.2234352350235,-80.84755015969276,42.367389,-83.096846
"Omaha_ (41.257215, -96.04496).jpg",Omaha,38.146671736240386,-100.1133774369955,41.257215,-96.04496
"Wichita_ (37.707827, -97.348556).jpg",Wichita,35.403424468636516,-97.66814590394497,37.707827,-97.348556
"Oklahoma City_ (35.472214, -97.516543).jpg",Oklahoma City,34.81087161302567,-107.2230643182993,35.472214,-97.516543
"Oakland_ (37.778692, -122.227739).jpg",Oakland,38.2068631529808,-89.06533041000367,37.778692,-122.227739
"Houston_ (29.771619, -95.373648).jpg",Houston,37.783406829833986,-94.78265072703363,29.771619,-95.373648
"Columbus_ (39.982533, -83.005203).jpg",Columbus,35.66769841909409,-80.8298783183098,39.982533,-83.005203
"Detroit_ (42.396477, -83.077215).jpg",Detroit,36.25287873148918,-104.06629962325096,42.396477,-83.077215
"Tulsa_ (36.154455, -95.891429).jpg",Tulsa,36.65982308089733,-95.90969725847245,36.154455,-95.891429
"Miami_ (25.799833, -80.189961).jpg",Miami,38.40544911623001,-103.12655452489852,25.799833,-80.189961
"Atlanta_ (33.759493, -84.439029).jpg",Atlanta,35.79116458594799,-90.25167440176011,33.759493,-84.439029
"Seattle_ (47.600667, -122.320351).jpg",Seattle,38.97209529280663,-91.94212818741798,47.600667,-122.320351
"Portland_ (45.543751, -122.631851).jpg",Portland,43.10127456784248,-85.86283467411995,45.543751,-122.631851
"Philadelphiae_ (40.029317, -75.124182).jpg",Philadelphiae,38.13024955391884,-76.34474558234214,40.029317,-75.124182
"Houston_ (29.803923, -95.412885).jpg",Houston,41.30182785391807,-90.29035298228264,29.803923,-95.412885
"Jacksonvillef_ (30.360621, -81.666849).jpg",Jacksonvillef,32.43114378452301,-84.71163697242737,30.360621,-81.666849
"Chicago_ (41.83826, -87.678522).jpg",Chicago,37.31736414432525,-99.58574501276016,41.83826,-87.678522
"Albuquerque_ (35.090051, -106.667).jpg",Albuquerque,35.443774208426476,-113.99690050333739,35.090051,-106.667
"Albuquerque_ (35.085701, -106.660515).jpg",Albuquerque,37.97187233567238,-121.93165879435837,35.085701,-106.660515
"Tampa_ (27.955049, -82.466183).jpg",Tampa,37.857761543989184,-104.02156420350074,27.955049,-82.466183
"Baltimorem_ (39.282519, -76.632774).jpg",Baltimorem,40.20974605083465,-70.45287470817567,39.282519,-76.632774
"Columbus_ (39.999745, -83.010354).jpg",Columbus,38.45050808191299,-91.65427768230438,39.999745,-83.010354
"Philadelphiae_ (40.031245, -75.118408).jpg",Philadelphiae,38.62866315841675,-102.38557521998882,40.031245,-75.118408
"Milwaukee_ (43.039655, -87.975818).jpg",Milwaukee,42.55306902527809,-92.09925277829171,43.039655,-87.975818
"Dallas_ (32.784762, -96.748084).jpg",Dallas,39.04638470411301,-90.20575808882714,32.784762,-96.748084
"Detroit_ (42.374781, -83.079233).jpg",Detroit,36.470451498031615,-93.02547820806504,42.374781,-83.079233
"Phoenix_ (33.575202, -112.113953).jpg",Phoenix,33.34875937998295,-105.15612204670906,33.575202,-112.113953
"Miami_ (25.789757, -80.230572).jpg",Miami,35.087196165323256,-92.33075632452966,25.789757,-80.230572
"Chicago_ (41.8538, -87.666449).jpg",Chicago,41.18631601929664,-85.61924515366555,41.8538,-87.666449
"San Antonio_ (29.449846, -98.540576).jpg",San Antonio,30.189890646934508,-97.05451259613037,29.449846,-98.540576
"Minneapolis_ (44.94653, -93.294696).jpg",Minneapolis,40.43202804327011,-93.46291082501412,44.94653,-93.294696
"Bakersfield_ (35.349168, -119.043417).jpg",Bakersfield,37.5484738945961,-109.78064519762992,35.349168,-119.043417
"New Yorkd_ (40.656123, -73.925083).jpg",New Yorkd,39.94765158295631,-75.95259208083152,40.656123,-73.925083
"Oakland_ (37.78832, -122.246269).jpg",Oakland,41.762082332372664,-103.57198154628277,37.78832,-122.246269
"Minneapolis_ (44.964643, -93.267265).jpg",Minneapolis,35.07764191329479,-94.96322695612908,44.964643,-93.267265
"San Franciscoh_ (37.79409, -122.440841).jpg",San Franciscoh,42.477561122179026,-124.67903998042456,37.79409,-122.440841
"Austin_ (30.301871, -97.763156).jpg",Austin,36.74337510764599,-106.60391267240047,30.301871,-97.763156
"Philadelphiae_ (40.006048, -75.149712).jpg",Philadelphiae,42.04552489519119,-73.50922365784646,40.006048,-75.149712
"Washingtonk_ (38.91591, -77.008812).jpg",Washingtonk,40.38348576426506,-69.36668846607209,38.91591,-77.008812
"Dallas_ (32.783439, -96.787708).jpg",Dallas,36.807099556922914,-91.43072525262832,32.783439,-96.787708
"Austin_ (30.319974, -97.758814).jpg",Austin,37.31736414432525,-99.58574501276016,30.319974,-97.758814
"Indianapolisg_ (39.79014, -86.166131).jpg",Indianapolisg,36.60962671041489,-86.91899644732476,39.79014,-86.166131
"Charlotte_ (35.185441, -80.837977).jpg",Charlotte,38.45651594400406,-93.61357686519622,35.185441,-80.837977
"Columbus_ (39.983082, -82.993462).jpg",Columbus,37.65103350281716,-97.00988279879093,39.983082,-82.993462
"Denveri_ (39.764434, -104.878716).jpg",Denveri,42.32253364324569,-87.15804593563081,39.764434,-104.878716
"Las Vegas_ (36.23578, -115.247873).jpg",Las Vegas,35.50863106846809,-102.7953035980463,36.23578,-115.247873
"Milwaukee_ (43.074269, -87.982623).jpg",Milwaukee,45.21448217630386,-82.4579317688942,43.074269,-87.982623
"Louisvillel_ (38.148959, -85.658139).jpg",Louisvillel,38.562687987089156,-91.02927005290985,38.148959,-85.658139
"Colorado Springs_ (38.856291, -104.781546).jpg",Colorado Springs,37.746812003850934,-98.7211805611849,38.856291,-104.781546
"Kansas City_ (39.101998, -94.584236).jpg",Kansas City,38.148234552145006,-104.290352460742,39.101998,-94.584236
"Austin_ (30.300721, -97.74183).jpg",Austin,36.12571479082108,-107.02725595235825,30.300721,-97.74183
"Omaha_ (41.279842, -96.066923).jpg",Omaha,37.19975074529648,-94.66472763419151,41.279842,-96.066923
"Las Vegas_ (36.242926, -115.276786).jpg",Las Vegas,37.31736414432525,-99.58574501276016,36.242926,-115.276786
"Tulsa_ (36.141032, -95.894418).jpg",Tulsa,37.05464187860489,-95.23705911636353,36.141032,-95.894418
"Louisvillel_ (38.180225, -85.664665).jpg",Louisvillel,40.68673438429832,-92.81982964277267,38.180225,-85.664665
"Houston_ (29.785067, -95.409149).jpg",Houston,37.82478063702583,-97.45940312147141,29.785067,-95.409149
"Las Vegas_ (36.219388, -115.255077).jpg",Las Vegas,36.25705514550209,-116.58866581618786,36.219388,-115.255077
"New Yorkd_ (40.640358, -73.934038).jpg",New Yorkd,40.41845989227295,-70.29715957045556,40.640358,-73.934038
"Austin_ (30.291086, -97.734982).jpg",Austin,37.409798842668536,-99.48726336956025,30.291086,-97.734982
"Tucson_ (32.131703, -110.872748).jpg",Tucson,34.61311677694321,-102.12662369906903,32.131703,-110.872748
"Memphis_ (35.12753, -89.973385).jpg",Memphis,37.89814096689224,-96.9413927257061,35.12753,-89.973385
"Nashvillej_ (36.178896, -86.782036).jpg",Nashvillej,38.55154643058777,-93.54155623316765,36.178896,-86.782036
"Atlanta_ (33.748737, -84.435282).jpg",Atlanta,37.82806210517883,-80.91366978883744,33.748737,-84.435282
"Oklahoma City_ (35.445998, -97.522384).jpg",Oklahoma City,36.65215741693974,-103.7644532829523,35.445998,-97.522384
"Charlotte_ (35.206456, -80.80968).jpg",Charlotte,39.55188218355179,-82.61455768346786,35.206456,-80.80968
"Philadelphiae_ (39.996169, -75.10888).jpg",Philadelphiae,40.28970196843147,-92.75226246714593,39.996169,-75.10888
"Columbus_ (40.000366, -82.998277).jpg",Columbus,39.679552221298216,-72.05162053704262,40.000366,-82.998277
"Dallas_ (32.779829, -96.768232).jpg",Dallas,38.71529480814934,-89.8020900130272,32.779829,-96.768232
"Los Angeles_ (34.032091, -118.420976).jpg",Los Angeles,35.40306233465672,-121.62240892909468,34.032091,-118.420976
"San Jose_ (37.351357, -121.904112).jpg",San Jose,37.2262058198452,-96.0589902073145,37.351357,-121.904112
"Seattle_ (47.606053, -122.330714).jpg",Seattle,37.62399960756302,-110.42782141268253,47.606053,-122.330714
"San Antonio_ (29.45024, -98.520646).jpg",San Antonio,30.163607734441758,-81.78560183644295,29.45024,-98.520646
"Bakersfield_ (35.374813, -119.035).jpg",Bakersfield,34.96297901570797,-108.38816262185574,35.374813,-119.035
"Minneapolis_ (44.954049, -93.294178).jpg",Minneapolis,38.957823652029035,-82.40958440899848,44.954049,-93.294178
"Charlotte_ (35.211777, -80.805002).jpg",Charlotte,34.82098390758038,-98.68938994705678,35.211777,-80.805002
"Austin_ (30.278537, -97.760427).jpg",Austin,37.969571894407274,-103.2546191006899,30.278537,-97.760427
"Bakersfield_ (35.336281, -119.035622).jpg",Bakersfield,36.60535679459572,-96.8683401107788,35.336281,-119.035622
"San Jose_ (37.358937, -121.908009).jpg",San Jose,35.562849500775336,-102.26933515965939,37.358937,-121.908009
"Las Vegas_ (36.208906, -115.250769).jpg",Las Vegas,31.907672438025475,-104.84770114421845,36.208906,-115.250769
"Albuquerque_ (35.08139, -106.655549).jpg",Albuquerque,36.44081810414791,-99.49811131060125,35.08139,-106.655549
"Atlanta_ (33.755481, -84.442415).jpg",Atlanta,34.97825765609741,-87.21793557405472,33.755481,-84.442415
"Tampa_ (27.989355, -82.471783).jpg",Tampa,35.27940025925636,-90.7523661851883,27.989355,-82.471783
"Dallas_ (32.799465, -96.777606).jpg",Dallas,36.36131411194801,-89.71145905852319,32.799465,-96.777606
"Omaha_ (41.282965, -96.056055).jpg",Omaha,40.17596518397331,-86.39424353241921,41.282965,-96.056055
"Atlanta_ (33.759474, -84.396114).jpg",Atlanta,38.69888895153999,-96.12789064943792,33.759474,-84.396114
"Kansas City_ (39.130196, -94.573721).jpg",Kansas City,38.92819396853447,-98.23407770693302,39.130196,-94.573721
"Dallas_ (32.772137, -96.772084).jpg",Dallas,40.60667902827262,-93.15176105499268,32.772137,-96.772084
"Oklahoma City_ (35.458053, -97.503418).jpg",Oklahoma City,37.50186398625374,-104.57952411174774,35.458053,-97.503418
"Virginia Beachm_ (36.802549, -76.009874).jpg",Virginia Beachm,36.732954850792886,-75.81507516503333,36.802549,-76.009874
"San Jose_ (37.364515, -121.909088).jpg",San Jose,40.144817209243776,-116.88209612816573,37.364515,-121.909088
"Philadelphiae_ (40.028578, -75.132576).jpg",Philadelphiae,39.50794672369957,-92.45659244060516,40.028578,-75.132576
"San Jose_ (37.335119, -121.885409).jpg",San Jose,39.81933742165565,-81.34233401417733,37.335119,-121.885409
"Long Beach_ (33.771297, -118.17376).jpg",Long Beach,33.70246706604958,-113.27750886082649,33.771297,-118.17376
"San Diego_ (32.730048, -117.173933).jpg",San Diego,36.38638521134853,-93.76803146004677,32.730048,-117.173933
"Indianapolisg_ (39.804146, -86.137623).jpg",Indianapolisg,38.32909821271896,-90.58711386322975,39.804146,-86.137623
"Dallas_ (32.778254, -96.772696).jpg",Dallas,36.43795442581177,-93.86143976449966,32.778254,-96.772696
"Las Vegas_ (36.228909, -115.281631).jpg",Las Vegas,35.494406178593636,-121.95335792303085,36.228909,-115.281631
"Tulsa_ (36.141118, -95.879343).jpg",Tulsa,36.90710493326187,-97.30028555691243,36.141118,-95.879343
"Detroit_ (42.360927, -83.107839).jpg",Detroit,40.48996799588203,-86.54746875166893,42.360927,-83.107839
"Mesa_ (33.424701, -111.703084).jpg",Mesa,37.31736414432525,-99.58574501276016,33.424701,-111.703084
"Las Vegas_ (36.208943, -115.265669).jpg",Las Vegas,37.31736414432525,-99.58574501276016,36.208943,-115.265669
"Long Beach_ (33.788444, -118.181181).jpg",Long Beach,36.969261372089385,-121.15209938883781,33.788444,-118.181181
"Jacksonvillef_ (30.354367, -81.682406).jpg",Jacksonvillef,35.99214671850204,-89.74025415182115,30.354367,-81.682406
"Columbus_ (39.978158, -82.985664).jpg",Columbus,36.53362903594971,-99.98540636301041,39.978158,-82.985664
"Charlotte_ (35.214969, -80.818368).jpg",Charlotte,38.79106985926628,-97.04140675961972,35.214969,-80.818368
"Minneapolis_ (44.953818, -93.245317).jpg",Minneapolis,38.947548842430116,-87.48075529932976,44.953818,-93.245317
"Jacksonvillef_ (30.360877, -81.684801).jpg",Jacksonvillef,33.21803198158741,-97.21204755604268,30.360877,-81.684801
"Philadelphiae_ (39.995299, -75.139552).jpg",Philadelphiae,38.92689087986946,-81.43700286149979,39.995299,-75.139552
"Virginia Beachm_ (36.803139, -76.03546).jpg",Virginia Beachm,37.31736414432525,-99.58574501276016,36.803139,-76.03546
"Miami_ (25.775857, -80.185244).jpg",Miami,35.30902252197266,-100.90065225660801,25.775857,-80.185244
"Tampa_ (27.963914, -82.48864).jpg",Tampa,33.572964838147165,-97.04780643880368,27.963914,-82.48864
"New Yorkd_ (40.650826, -73.958911).jpg",New Yorkd,40.46397152543068,-105.70375519990921,40.650826,-73.958911
"Phoenix_ (33.568443, -112.095828).jpg",Phoenix,35.744450786709784,-120.70918869152665,33.568443,-112.095828
"Fresno_ (36.772376, -119.770418).jpg",Fresno,38.299527895450595,-118.80717971026897,36.772376,-119.770418
"Detroit_ (42.398101, -83.083067).jpg",Detroit,42.3645441532135,-90.63326912522317,42.398101,-83.083067
"Seattle_ (47.642119, -122.306938).jpg",Seattle,43.61669956445694,-99.74346351325512,47.642119,-122.306938
"Atlanta_ (33.749643, -84.403231).jpg",Atlanta,39.3414600789547,-86.30129581093789,33.749643,-84.403231
"Wichita_ (37.702668, -97.361538).jpg",Wichita,37.20717300772667,-94.16477693915368,37.702668,-97.361538
"Phoenix_ (33.554073, -112.077797).jpg",Phoenix,36.35901589691639,-119.59922225624322,33.554073,-112.077797
"Philadelphiae_ (40.022039, -75.10834).jpg",Philadelphiae,40.32249141931534,-93.25965867638588,40.022039,-75.10834
"Phoenix_ (33.568526, -112.088376).jpg",Phoenix,39.05130171179771,-116.09152710139752,33.568526,-112.088376
"Fresno_ (36.772122, -119.773777).jpg",Fresno,37.25571825504303,-104.25841813087463,36.772122,-119.773777
"Albuquerque_ (35.11434, -106.656865).jpg",Albuquerque,35.52258213162422,-103.36226045787335,35.11434,-106.656865
"Denveri_ (39.775422, -104.883724).jpg",Denveri,37.31736414432525,-99.58574501276016,39.775422,-104.883724
"Virginia Beachm_ (36.799982, -76.00855).jpg",Virginia Beachm,37.31736414432525,-99.58574501276016,36.799982,-76.00855
"Fort Worth_ (32.769422, -97.361985).jpg",Fort Worth,33.67048499584198,-108.45351172685623,32.769422,-97.361985
"Tulsa_ (36.124169, -95.897029).jpg",Tulsa,36.603617364168166,-98.17154058218003,36.124169,-95.897029
"Louisvillel_ (38.188118, -85.646431).jpg",Louisvillel,36.43811323046684,-107.41205744147301,38.188118,-85.646431
"Las Vegas_ (36.210946, -115.244442).jpg",Las Vegas,37.31736414432525,-99.58574501276016,36.210946,-115.244442
"Tampa_ (27.953412, -82.451643).jpg",Tampa,31.12116715312004,-107.06670852005482,27.953412,-82.451643
"Portland_ (45.51997, -122.671123).jpg",Portland,37.97465957999229,-94.54530158638954,45.51997,-122.671123
"Houston_ (29.79969, -95.386859).jpg",Houston,30.782974830269815,-87.82436751127244,29.79969,-95.386859
"Miami_ (25.786094, -80.195224).jpg",Miami,39.313207691907884,-101.18610980808735,25.786094,-80.195224
"Baltimorem_ (39.30754, -76.592344).jpg",Baltimorem,41.097459620237345,-77.19765174388885,39.30754,-76.592344
"Omaha_ (41.272538, -96.06051).jpg",Omaha,35.90222692191601,-98.7341201722622,41.272538,-96.06051
"San Jose_ (37.347204, -121.892945).jpg",San Jose,39.42614896893501,-118.79900046661496,37.347204,-121.892945
"Seattle_ (47.644951, -122.30049).jpg",Seattle,35.40450419187546,-95.17142431139946,47.644951,-122.30049
"Tampa_ (27.966769, -82.477965).jpg",Tampa,37.00690549612045,-89.47522847652436,27.966769,-82.477965
"Long Beach_ (33.794941, -118.147731).jpg",Long Beach,36.98116875290871,-117.73001639246941,33.794941,-118.147731
"Bakersfield_ (35.345504, -119.041884).jpg",Bakersfield,35.49884306192398,-112.4337979093194,35.345504,-119.041884
"Louisvillel_ (38.166388, -85.636805).jpg",Louisvillel,37.442414647340776,-97.04559702575207,38.166388,-85.636805
"Bakersfield_ (35.357054, -119.045697).jpg",Bakersfield,36.829413095116614,-102.933982360363,35.357054,-119.045697
"Chicago_ (41.831308, -87.673952).jpg",Chicago,40.89774866700172,-98.9254006266594,41.831308,-87.673952
"Dallas_ (32.7975, -96.769817).jpg",Dallas,35.99441302418709,-84.08414981365203,32.7975,-96.769817
"Portland_ (45.531947, -122.653913).jpg",Portland,41.08124373555184,-98.02228918969632,45.531947,-122.653913
"Phoenix_ (33.56356, -112.09341).jpg",Phoenix,36.327137717604636,-104.81284574866295,33.56356,-112.09341
"Kansas City_ (39.096328, -94.554481).jpg",Kansas City,37.31736414432525,-99.58574501276016,39.096328,-94.554481
"Long Beach_ (33.763629, -118.168562).jpg",Long Beach,31.57625454366207,-97.90923338532448,33.763629,-118.168562
"Austin_ (30.299513, -97.759145).jpg",Austin,33.466198390722276,-97.84685382843017,30.299513,-97.759145
"Omaha_ (41.26433, -96.042646).jpg",Omaha,38.883004397153854,-89.38837222456932,41.26433,-96.042646
"Washingtonk_ (38.910296, -77.026596).jpg",Washingtonk,41.4782034277916,-83.99450235962868,38.910296,-77.026596
"Fresno_ (36.792409, -119.778636).jpg",Fresno,32.16737889945507,-104.38043279349804,36.792409,-119.778636
"Memphis_ (35.118139, -89.963775).jpg",Memphis,39.96343112587929,-82.1107907295227,35.118139,-89.963775
"San Antonio_ (29.453823, -98.534661).jpg",San Antonio,33.51612909734249,-94.39845180511475,29.453823,-98.534661
"Bakersfield_ (35.360385, -119.031305).jpg",Bakersfield,38.53118678331375,-99.10593876242638,35.360385,-119.031305
"Colorado Springs_ (38.884492, -104.747662).jpg",Colorado Springs,39.1667393386364,-119.8598143875599,38.884492,-104.747662
"Indianapolisg_ (39.784582, -86.171841).jpg",Indianapolisg,38.83853760957718,-100.20933972597122,39.784582,-86.171841
"Nashvillej_ (36.173492, -86.797426).jpg",Nashvillej,39.57094913125038,-96.28204742372037,36.173492,-86.797426
"Atlanta_ (33.759246, -84.436588).jpg",Atlanta,36.82303567826748,-95.3635012626648,33.759246,-84.436588
"San Franciscoh_ (37.759912, -122.443405).jpg",San Franciscoh,38.58008229136467,-124.88620512282941,37.759912,-122.443405
"Philadelphiae_ (40.007137, -75.14099).jpg",Philadelphiae,37.54800786972046,-95.35092007517815,40.007137,-75.14099
"Portland_ (45.561894, -122.653199).jpg",Portland,44.74180828332901,-90.80984209179879,45.561894,-122.653199
"Oklahoma City_ (35.457837, -97.508211).jpg",Oklahoma City,34.900677129626274,-101.14906924068927,35.457837,-97.508211
"Denveri_ (39.740272, -104.863959).jpg",Denveri,35.45417665541172,-92.92238727211952,39.740272,-104.863959
"Minneapolis_ (44.965607, -93.28071).jpg",Minneapolis,37.75088897943497,-89.61581709980965,44.965607,-93.28071
"Albuquerque_ (35.102779, -106.656779).jpg",Albuquerque,35.95402766466141,-94.35119183659555,35.102779,-106.656779
"Fresno_ (36.782955, -119.775638).jpg",Fresno,38.478367167711255,-122.81683281883598,36.782955,-119.775638
"New Yorkd_ (40.651331, -73.93366).jpg",New Yorkd,38.40856435894966,-109.90561382472515,40.651331,-73.93366
"Houston_ (29.81342, -95.380611).jpg",Houston,31.921642795205116,-81.89941777586938,29.81342,-95.380611
"Charlotte_ (35.200787, -80.854608).jpg",Charlotte,36.98762186169624,-85.99765388965608,35.200787,-80.854608
"New Yorkd_ (40.646573, -73.921515).jpg",New Yorkd,41.158538562059405,-80.81939226388931,40.646573,-73.921515
"Fresno_ (36.787414, -119.781105).jpg",Fresno,37.84381641745567,-119.29838365763426,36.787414,-119.781105
"Austin_ (30.297394, -97.769988).jpg",Austin,36.018327224254605,-110.24810055196285,30.297394,-97.769988
"San Franciscoh_ (37.763579, -122.442823).jpg",San Franciscoh,38.0764043867588,-118.32484761253,37.763579,-122.442823
"New Yorkd_ (40.681118, -73.964344).jpg",New Yorkd,40.34316719174385,-77.94125775694847,40.681118,-73.964344
"Phoenix_ (33.549986, -112.100239).jpg",Phoenix,34.69341553449631,-101.87892009913921,33.549986,-112.100239
"Minneapolis_ (44.976997, -93.287238).jpg",Minneapolis,37.80706872344017,-106.94209312200546,44.976997,-93.287238
"Wichita_ (37.673995, -97.348373).jpg",Wichita,37.31736414432525,-99.58574501276016,37.673995,-97.348373
"Fort Worth_ (32.775561, -97.363307).jpg",Fort Worth,33.9324436634779,-98.915037509799,32.775561,-97.363307
"Charlotte_ (35.209874, -80.83898).jpg",Charlotte,39.52259830832482,-76.04336501955987,35.209874,-80.83898
"Chicago_ (41.842759, -87.662696).jpg",Chicago,42.366572993993756,-87.43767520785332,41.842759,-87.662696
"Phoenix_ (33.590452, -112.069113).jpg",Phoenix,38.14270161986351,-119.68101685717701,33.590452,-112.069113
"Houston_ (29.796728, -95.388482).jpg",Houston,40.25962555408478,-90.87968447804451,29.796728,-95.388482
"Milwaukee_ (43.047769, -87.982527).jpg",Milwaukee,44.34413619637489,-115.1085954234004,43.047769,-87.982527
"Bakersfield_ (35.369695, -119.058577).jpg",Bakersfield,36.215269485116,-90.57077528834344,35.369695,-119.058577
"Memphis_ (35.099882, -89.969841).jpg",Memphis,35.30628128647804,-85.27919293642044,35.099882,-89.969841
"Indianapolisg_ (39.790569, -86.146173).jpg",Indianapolisg,38.20528549551964,-98.23960816562176,39.790569,-86.146173
"Atlanta_ (33.742137, -84.412879).jpg",Atlanta,37.235913681983945,-95.96113710403444,33.742137,-84.412879
"Boston_ (42.352356, -71.04046).jpg",Boston,36.20439062416553,-94.10948274135589,42.352356,-71.04046
"Philadelphiae_ (40.032576, -75.153888).jpg",Philadelphiae,40.91085672974586,-86.22360273599625,40.032576,-75.153888
"Tulsa_ (36.107911, -95.924701).jpg",Tulsa,36.47818394899368,-97.50578521192074,36.107911,-95.924701
"Portland_ (45.528677, -122.674431).jpg",Portland,45.313975518941874,-124.29192424044012,45.528677,-122.674431
"Miami_ (25.780367, -80.222749).jpg",Miami,32.78080046772957,-84.28694830536843,25.780367,-80.222749
"Bakersfield_ (35.35665, -119.027177).jpg",Bakersfield,36.867759224772456,-109.63701949715615,35.35665,-119.027177
"Nashvillej_ (36.151647, -86.799322).jpg",Nashvillej,38.36184165477753,-95.6730372607708,36.151647,-86.799322
"Fort Worth_ (32.793975, -97.357474).jpg",Fort Worth,34.73840771317482,-100.13527590632438,32.793975,-97.357474
"Long Beach_ (33.784534, -118.158511).jpg",Long Beach,37.1405388712883,-108.25467494130135,33.784534,-118.158511
"Portland_ (45.53642, -122.642359).jpg",Portland,39.75039393901825,-116.49075903594493,45.53642,-122.642359
"Sacramento_ (38.576034, -121.462234).jpg",Sacramento,33.27789985239506,-85.81843516826629,38.576034,-121.462234
"Kansas City_ (39.130954, -94.536743).jpg",Kansas City,38.65197627544403,-87.96665301918983,39.130954,-94.536743
"Los Angeles_ (34.039994, -118.397882).jpg",Los Angeles,35.796575075387956,-121.27803290262818,34.039994,-118.397882
"Baltimorem_ (39.298232, -76.634353).jpg",Baltimorem,42.227296859025955,-70.16523544788362,39.298232,-76.634353
"Kansas City_ (39.123077, -94.575331).jpg",Kansas City,37.31736414432525,-99.58574501276016,39.123077,-94.575331
"Miami_ (25.794492, -80.217072).jpg",Miami,32.140532007813455,-105.08333954811096,25.794492,-80.217072
"Bakersfield_ (35.353323, -119.062563).jpg",Bakersfield,37.94885456562042,-108.61685938239097,35.353323,-119.062563
"Nashvillej_ (36.156191, -86.803884).jpg",Nashvillej,36.019558331370355,-95.92761843800545,36.156191,-86.803884
"Louisvillel_ (38.179571, -85.626658).jpg",Louisvillel,38.39083018302917,-84.95062758922577,38.179571,-85.626658
"Louisvillel_ (38.152619, -85.6715).jpg",Louisvillel,36.50845256149769,-86.36945862770081,38.152619,-85.6715
"Las Vegas_ (36.243922, -115.280022).jpg",Las Vegas,37.31736414432525,-99.58574501276016,36.243922,-115.280022
"San Jose_ (37.319559, -121.89566).jpg",San Jose,40.04931327700615,-119.5343774549663,37.319559,-121.89566
"Dallas_ (32.785011, -96.771014).jpg",Dallas,42.521990805864334,-99.53950490653514,32.785011,-96.771014
"Tampa_ (27.984015, -82.489315).jpg",Tampa,35.52813138961792,-106.55483461320401,27.984015,-82.489315
"Bakersfield_ (35.364525, -119.056247).jpg",Bakersfield,33.589107257127765,-119.9876426115632,35.364525,-119.056247
"Tulsa_ (36.112094, -95.91493).jpg",Tulsa,37.33459370732307,-93.59686774611473,36.112094,-95.91493
"San Jose_ (37.333231, -121.869838).jpg",San Jose,39.18545454144478,-104.22664136886597,37.333231,-121.869838
"Fort Worth_ (32.766146, -97.328294).jpg",Fort Worth,34.053667271137236,-86.81733574271203,32.766146,-97.328294
"Memphis_ (35.119289, -89.948296).jpg",Memphis,38.756787347793576,-86.43398180007935,35.119289,-89.948296
"Miami_ (25.803228, -80.185795).jpg",Miami,37.615817457437515,-79.53470515012742,25.803228,-80.185795
"Louisvillel_ (38.175168, -85.625429).jpg",Louisvillel,37.31736414432525,-99.58574501276016,38.175168,-85.625429
"Tulsa_ (36.131255, -95.898144).jpg",Tulsa,37.48959150314331,-102.77679197192192,36.131255,-95.898144
"Raleigh_ (35.805791, -78.653185).jpg",Raleigh,42.41321852207184,-80.96660566329956,35.805791,-78.653185
"Minneapolis_ (44.938029, -93.27437).jpg",Minneapolis,37.84215861558914,-104.06042286157609,44.938029,-93.27437
"Minneapolis_ (44.953866, -93.275147).jpg",Minneapolis,42.1424610376358,-78.36236911416054,44.953866,-93.275147
"Memphis_ (35.091059, -89.947256).jpg",Memphis,36.67298308908939,-89.21485018730164,35.091059,-89.947256
"Portland_ (45.546145, -122.641672).jpg",Portland,42.04513159394264,-113.44567359089851,45.546145,-122.641672
"Bakersfield_ (35.327208, -119.061643).jpg",Bakersfield,36.07903364300728,-110.434283426404,35.327208,-119.061643
"Nashvillej_ (36.180363, -86.769205).jpg",Nashvillej,36.96593092679977,-100.20645155906678,36.180363,-86.769205
"Miami_ (25.758373, -80.21809).jpg",Miami,32.76348333954811,-115.51857919991016,25.758373,-80.21809
"Philadelphiae_ (40.0323, -75.15269).jpg",Philadelphiae,39.90943457484245,-93.23077008128166,40.0323,-75.15269
"Oakland_ (37.764703, -122.231543).jpg",Oakland,37.698075300455095,-116.26161814182997,37.764703,-122.231543
"Tampa_ (27.968134, -82.485321).jpg",Tampa,34.92854437828064,-84.85142563581468,27.968134,-82.485321
"Bakersfield_ (35.34978, -119.020685).jpg",Bakersfield,34.333137491345404,-102.60314007103443,35.34978,-119.020685
"Jacksonvillef_ (30.360939, -81.648718).jpg",Jacksonvillef,30.862102589011194,-85.78906174898148,30.360939,-81.648718
"Long Beach_ (33.772059, -118.182061).jpg",Long Beach,35.116514918208125,-120.17352420240641,33.772059,-118.182061
"Dallas_ (32.778582, -96.775502).jpg",Dallas,34.368613263964654,-105.97211923599244,32.778582,-96.775502
"San Antonio_ (29.438172, -98.528113).jpg",San Antonio,32.27648808658123,-103.90566698312759,29.438172,-98.528113
"Raleigh_ (35.837391, -78.636567).jpg",Raleigh,35.25248880684376,-101.34368286132812,35.837391,-78.636567
"Baltimorem_ (39.295464, -76.585945).jpg",Baltimorem,41.2033467054367,-84.83233741521835,39.295464,-76.585945
"Tampa_ (27.958878, -82.487514).jpg",Tampa,32.19485729932785,-78.07255160808563,27.958878,-82.487514
"Austin_ (30.305983, -97.730487).jpg",Austin,34.28348432183266,-97.62687697708607,30.305983,-97.730487
"Dallas_ (32.778877, -96.747786).jpg",Dallas,37.570774817466734,-86.67711766362191,32.778877,-96.747786
"Charlotte_ (35.234749, -80.844682).jpg",Charlotte,37.25455616116524,-89.87396866083145,35.234749,-80.844682
"San Jose_ (37.324047, -121.901518).jpg",San Jose,34.585630214214326,-99.56107092499732,37.324047,-121.901518
"Fresno_ (36.762916, -119.765848).jpg",Fresno,35.01807977855206,-110.71200716644526,36.762916,-119.765848
"San Antonio_ (29.467541, -98.509867).jpg",San Antonio,36.52559084892273,-102.24608437716961,29.467541,-98.509867
"Tulsa_ (36.128011, -95.891977).jpg",Tulsa,36.87940465211868,-96.12590979635715,36.128011,-95.891977
"Miami_ (25.788766, -80.225849).jpg",Miami,34.23550008535385,-84.61122642159462,25.788766,-80.225849
"Sacramento_ (38.574728, -121.459003).jpg",Sacramento,38.51590146422386,-118.23520535305143,38.574728,-121.459003
"Charlotte_ (35.207802, -80.807233).jpg",Charlotte,42.76705161929131,-85.08765968084336,35.207802,-80.807233
"Austin_ (30.302415, -97.728672).jpg",Austin,37.81066038012504,-83.09133378267288,30.302415,-97.728672
"Kansas City_ (39.143549, -94.577165).jpg",Kansas City,39.92406092882156,-87.5555463552475,39.143549,-94.577165
"Columbus_ (40.005622, -82.969883).jpg",Columbus,36.199735569953916,-94.15403462052345,40.005622,-82.969883
"Columbus_ (40.007196, -82.979466).jpg",Columbus,41.994308167696,-82.54183405637741,40.007196,-82.979466
"Oakland_ (37.770272, -122.24029).jpg",Oakland,39.435249811410905,-122.06578020937741,37.770272,-122.24029
"Raleigh_ (35.805692, -78.65994).jpg",Raleigh,41.13116034269333,-83.13871495723726,35.805692,-78.65994
"Miami_ (25.782469, -80.192661).jpg",Miami,36.257861784100534,-108.29369636178016,25.782469,-80.192661
"Fresno_ (36.785231, -119.782614).jpg",Fresno,36.10451214313507,-113.31954658031464,36.785231,-119.782614
"Washingtonk_ (38.898803, -77.00265).jpg",Washingtonk,42.24545253515244,-97.5650393843651,38.898803,-77.00265
"Raleigh_ (35.81454, -78.650929).jpg",Raleigh,33.445521876215935,-92.15359810590743,35.81454,-78.650929
"San Antonio_ (29.440839, -98.498286).jpg",San Antonio,35.76054422855377,-105.44794637858868,29.440839,-98.498286
"Kansas City_ (39.12483, -94.539367).jpg",Kansas City,34.911520370841025,-101.9517978310585,39.12483,-94.539367
"Wichita_ (37.7002, -97.326593).jpg",Wichita,36.32688615322113,-101.10860373675823,37.7002,-97.326593
"Charlotte_ (35.19585, -80.849518).jpg",Charlotte,38.98948959708214,-100.93605134785176,35.19585,-80.849518
"Oakland_ (37.773036, -122.210858).jpg",Oakland,34.777124139666554,-107.37728862166405,37.773036,-122.210858
"Oakland_ (37.788336, -122.220241).jpg",Oakland,37.16100240945816,-120.67549990415573,37.788336,-122.220241
"Dallas_ (32.782531, -96.784218).jpg",Dallas,41.433429419994354,-81.75381468534471,32.782531,-96.784218
"Los Angeles_ (34.043932, -118.432126).jpg",Los Angeles,34.31971627175808,-87.29355429410936,34.043932,-118.432126
"Los Angeles_ (34.026113, -118.434087).jpg",Los Angeles,33.892214140295984,-119.23055112734437,34.026113,-118.434087
"Minneapolis_ (44.955548, -93.280824).jpg",Minneapolis,37.7676540017128,-88.9346114218235,44.955548,-93.280824
"Omaha_ (41.270962, -96.071061).jpg",Omaha,37.56833783388138,-91.46024065613747,41.270962,-96.071061
"Memphis_ (35.093575, -89.966901).jpg",Memphis,37.31736414432525,-99.58574501276016,35.093575,-89.966901
"Phoenix_ (33.55237, -112.100931).jpg",Phoenix,36.24507207274437,-112.06879542768002,33.55237,-112.100931
"Nashvillej_ (36.18006, -86.794565).jpg",Nashvillej,39.92146662473679,-89.70084487199784,36.18006,-86.794565
"Miami_ (25.784624, -80.191465).jpg",Miami,37.4159580886364,-99.3070542216301,25.784624,-80.191465
"Colorado Springs_ (38.891162, -104.766352).jpg",Colorado Springs,37.31736414432525,-99.58574501276016,38.891162,-104.766352
"Albuquerque_ (35.098412, -106.639069).jpg",Albuquerque,34.29801197946072,-102.73793158233165,35.098412,-106.639069
"Philadelphiae_ (40.015354, -75.125597).jpg",Philadelphiae,38.31175585389137,-110.36019709706306,40.015354,-75.125597
"San Diego_ (32.725479, -117.146542).jpg",San Diego,34.02491249740124,-121.63760838359595,32.725479,-117.146542
"Detroit_ (42.361891, -83.094726).jpg",Detroit,38.484901905059814,-103.56312657892704,42.361891,-83.094726
"San Antonio_ (29.454099, -98.51596).jpg",San Antonio,33.11449728310108,-92.56470476984978,29.454099,-98.51596
"Columbus_ (40.00166, -82.989665).jpg",Columbus,37.98877538442612,-86.5482340812683,40.00166,-82.989665
"Dallas_ (32.771485, -96.749615).jpg",Dallas,31.40659328997135,-93.66239173412323,32.771485,-96.749615
"Los Angeles_ (34.044505, -118.426406).jpg",Los Angeles,31.584950211644173,-104.4724472284317,34.044505,-118.426406
"Chicago_ (41.848302, -87.665429).jpg",Chicago,41.605521720647815,-81.58793209195137,41.848302,-87.665429
"Atlanta_ (33.767946, -84.423878).jpg",Atlanta,37.31736414432525,-99.58574501276016,33.767946,-84.423878
"Wichita_ (37.686178, -97.351593).jpg",Wichita,36.696769651770595,-92.79897873997689,37.686178,-97.351593
"Albuquerque_ (35.078948, -106.673543).jpg",Albuquerque,35.30136279463768,-98.22443663179874,35.078948,-106.673543
"Houston_ (29.81299, -95.378375).jpg",Houston,39.18073344230652,-91.98716835379601,29.81299,-95.378375
"Denveri_ (39.738732, -104.874106).jpg",Denveri,38.59970282912254,-104.26923144161701,39.738732,-104.874106
"Kansas City_ (39.10256, -94.556955).jpg",Kansas City,38.11674225330353,-96.47857436835767,39.10256,-94.556955
"Houston_ (29.803237, -95.379263).jpg",Houston,31.249561458826065,-86.48939027786255,29.803237,-95.379263
"Tampa_ (27.979933, -82.457123).jpg",Tampa,36.38403059840202,-102.58592881262302,27.979933,-82.457123
"Miami_ (25.802497, -80.205088).jpg",Miami,38.12637145519257,-97.12794787585736,25.802497,-80.205088
"Phoenix_ (33.585343, -112.082916).jpg",Phoenix,35.583310812711716,-111.45568417161704,33.585343,-112.082916
"Los Angeles_ (34.008255, -118.399153).jpg",Los Angeles,36.919747713208196,-96.79640605449677,34.008255,-118.399153
"Columbus_ (40.011854, -83.009625).jpg",Columbus,42.430370908975604,-78.80763164162636,40.011854,-83.009625
"Minneapolis_ (44.973524, -93.249776).jpg",Minneapolis,39.93542659282684,-95.23298659324647,44.973524,-93.249776
"San Franciscoh_ (37.781893, -122.426554).jpg",San Franciscoh,40.57530249357224,-109.57066265046596,37.781893,-122.426554
"Denveri_ (39.75874, -104.89026).jpg",Denveri,39.30427010655403,-92.12686351537704,39.75874,-104.89026
"Fresno_ (36.800066, -119.795417).jpg",Fresno,34.76149449646473,-105.96063409745693,36.800066,-119.795417
"Minneapolis_ (44.980035, -93.270453).jpg",Minneapolis,36.52242366075516,-97.71899357140065,44.980035,-93.270453
"Raleigh_ (35.813093, -78.628392).jpg",Raleigh,37.31736414432525,-99.58574501276016,35.813093,-78.628392
"Chicago_ (41.840492, -87.681595).jpg",Chicago,37.31736414432525,-99.58574501276016,41.840492,-87.681595
"Austin_ (30.319301, -97.725145).jpg",Austin,36.322807693481444,-99.19960506260395,30.319301,-97.725145
"El Paso_ (31.87299, -106.430418).jpg",El Paso,34.32937144637108,-109.8260714918375,31.87299,-106.430418
"Portland_ (45.518617, -122.631243).jpg",Portland,40.876508915424346,-100.05086455345153,45.518617,-122.631243
"Louisvillel_ (38.152296, -85.667167).jpg",Louisvillel,38.640816909074786,-89.92349691390991,38.152296,-85.667167
"Miami_ (25.800643, -80.221628).jpg",Miami,27.396041463315488,-73.87281408905983,25.800643,-80.221628
"Charlotte_ (35.216565, -80.817161).jpg",Charlotte,47.05080718994141,-93.26547310352325,35.216565,-80.817161
"Columbus_ (39.981545, -82.965055).jpg",Columbus,40.79194617867469,-87.72782862782478,39.981545,-82.965055
"Houston_ (29.766181, -95.40742).jpg",Houston,35.69619569182396,-123.83180282581597,29.766181,-95.40742
"Charlotte_ (35.233764, -80.843409).jpg",Charlotte,34.01260810494423,-88.6832162320614,35.233764,-80.843409
"San Franciscoh_ (37.788873, -122.449594).jpg",San Franciscoh,40.34067974686623,-104.48823171854019,37.788873,-122.449594
"Long Beach_ (33.79083, -118.170869).jpg",Long Beach,36.814654651284215,-107.49180755615234,33.79083,-118.170869
"Jacksonvillef_ (30.360956, -81.662485).jpg",Jacksonvillef,35.3967880666256,-116.91247815489768,30.360956,-81.662485
"Denveri_ (39.744379, -104.860243).jpg",Denveri,37.22156783342361,-101.56408220231533,39.744379,-104.860243
"Philadelphiae_ (39.995955, -75.125853).jpg",Philadelphiae,39.754637140035626,-94.67051782011987,39.995955,-75.125853
"Oakland_ (37.774556, -122.226836).jpg",Oakland,37.89696699976921,-102.72345784902572,37.774556,-122.226836
"San Antonio_ (29.447565, -98.534861).jpg",San Antonio,38.3432199537754,-96.99264037311077,29.447565,-98.534861
"Detroit_ (42.369249, -83.114822).jpg",Detroit,44.08602074980736,-80.88101341724396,42.369249,-83.114822
"Austin_ (30.28959, -97.751455).jpg",Austin,36.70999496281147,-113.70121662467719,30.28959,-97.751455
"Mesa_ (33.376971, -111.725586).jpg",Mesa,36.48835338354111,-109.99255838394166,33.376971,-111.725586
"San Diego_ (32.713845, -117.172747).jpg",San Diego,40.36978849172592,-93.25542685389519,32.713845,-117.172747
"Raleigh_ (35.832881, -78.657525).jpg",Raleigh,38.09308481216431,-101.25718156993389,35.832881,-78.657525
"Tulsa_ (36.154189, -95.921221).jpg",Tulsa,36.646571797132495,-92.62989630699158,36.154189,-95.921221
"Milwaukee_ (43.08045, -87.975912).jpg",Milwaukee,41.25343844294548,-95.5652920126915,43.08045,-87.975912
"Las Vegas_ (36.228404, -115.236596).jpg",Las Vegas,36.281008675694466,-112.15160339772702,36.228404,-115.236596
"Chicago_ (41.858106, -87.688117).jpg",Chicago,37.31736414432525,-99.58574501276016,41.858106,-87.688117
"Detroit_ (42.386202, -83.104499).jpg",Detroit,43.73388701081276,-78.18087171912194,42.386202,-83.104499
"Minneapolis_ (44.98183, -93.262967).jpg",Minneapolis,37.10500373244285,-97.89651540815831,44.98183,-93.262967
"San Diego_ (32.742614, -117.144156).jpg",San Diego,34.41358392238617,-118.66313844621182,32.742614,-117.144156
"Jacksonvillef_ (30.355343, -81.661936).jpg",Jacksonvillef,31.66049967110157,-83.32974607348442,30.355343,-81.661936
"Oakland_ (37.756251, -122.235848).jpg",Oakland,36.74332093596458,-110.34615624248981,37.756251,-122.235848
"Columbus_ (39.980898, -83.002536).jpg",Columbus,42.5013847887516,-89.09920576810836,39.980898,-83.002536
"Chicago_ (41.821823, -87.684618).jpg",Chicago,39.190334445238115,-91.95062646269798,41.821823,-87.684618
"San Diego_ (32.738266, -117.18227).jpg",San Diego,34.29150321483612,-109.64933229982853,32.738266,-117.18227
"Nashvillej_ (36.171514, -86.808995).jpg",Nashvillej,31.7736895442009,-85.75950132608415,36.171514,-86.808995
"Washingtonk_ (38.918873, -77.01655).jpg",Washingtonk,41.336944460868835,-83.60453402996063,38.918873,-77.01655
